instance_id,campus,size,n_orders,n_cm,n_pm,n_short,n_long,hours_total,hours_cm,hours_pm,hours_short,hours_long
c05_replay_150_0100,5,150,150,134,16,138,12,621.2,521.7,99.5,319.5,301.7
c05_replay_150_0101,5,150,150,52,98,145,5,296.0,144.0,152.0,238.0,58.0
c05_replay_150_0102,5,150,150,150,0,131,19,648.4,648.4,0.0,317.6,330.8
c05_replay_150_0103,5,150,150,150,0,135,15,740.9796,740.9796,0.0,342.75,398.2296
c05_replay_150_0104,5,150,150,150,0,134,16,617.3000000000001,617.3000000000001,0.0,276.1,341.2
c05_replay_150_0105,5,150,150,95,55,139,11,514.5,278.0,236.5,369.0,145.5
c05_replay_150_0106,5,150,150,150,0,138,12,550.0,550.0,0.0,312.0,238.0
c05_replay_150_0107,5,150,150,149,1,136,14,534.6,511.6,23.0,337.1,197.5
c05_replay_150_0108,5,150,150,150,0,140,10,510.5,510.5,0.0,314.0,196.5
c05_replay_150_0109,5,150,150,23,127,116,34,1834.0536000000004,163.0,1671.0536000000002,336.0,1498.0536000000002
c05_replay_150_0110,5,150,150,149,1,137,13,490.7,489.7,1.0,295.49999999999994,195.2
c05_replay_150_0111,5,150,150,149,1,142,8,518.6,435.6,83.0,329.1,189.5
c05_replay_150_0112,5,150,150,150,0,135,15,504.1,504.1,0.0,298.6,205.5
c05_replay_150_0113,5,150,150,102,48,144,6,549.5,393.0,156.5,379.5,170.0
c05_replay_150_0114,5,150,150,108,42,141,9,459.4,370.4,89.0,281.20000000000005,178.2
c05_replay_150_0115,5,150,150,137,13,145,5,326.8,310.3,16.5,264.29999999999995,62.5
c05_replay_150_0116,5,150,150,150,0,138,12,505.5,505.5,0.0,317.5,188.0
c05_replay_150_0117,5,150,150,149,1,139,11,654.2648,563.4,90.8648,332.0,322.2648
c05_replay_150_0118,5,150,150,150,0,135,15,595.0,595.0,0.0,282.5,312.5
c05_replay_150_0119,5,150,150,150,0,147,3,331.40000000000003,331.40000000000003,0.0,289.4,42.0
c05_replay_150_0120,5,150,150,150,0,137,13,492.3,492.3,0.0,295.6,196.7
c05_replay_150_0121,5,150,150,137,13,139,11,471.49999999999994,458.49999999999994,13.0,275.0,196.5
c05_replay_150_0122,5,150,150,150,0,140,10,476.9,476.9,0.0,317.4,159.5
c05_replay_150_0123,5,150,150,150,0,137,13,583.5,583.5,0.0,288.6,294.9
c05_replay_150_0124,5,150,150,149,1,137,13,571.55,565.55,6.0,340.3,231.25
c05_replay_150_0125,5,150,150,149,1,138,12,498.7,497.7,1.0,317.2,181.5
c05_replay_150_0126,5,150,150,70,80,145,5,397.9,219.4,178.5,315.9,82.0
c05_replay_150_0127,5,150,150,143,7,141,9,473.8,447.8,26.0,328.8,145.0
c05_replay_150_0128,5,150,150,149,1,140,10,657.1648,651.1648,6.0,315.6,341.5648
c05_replay_150_0129,5,150,150,99,51,137,13,663.6,501.59999999999997,162.0,372.2,291.4
c05_replay_150_0130,5,150,150,150,0,139,11,514.8,514.8,0.0,302.5,212.3
c05_replay_150_0131,5,150,150,148,2,138,12,490.0,470.0,20.0,333.49999999999994,156.5
c05_replay_150_0132,5,150,150,132,18,135,15,610.5,554.0,56.5,305.0,305.5
c05_replay_150_0133,5,150,150,149,1,139,11,569.3,557.3,12.0,349.3,220.0
c05_replay_150_0134,5,150,150,150,0,140,10,496.3,496.3,0.0,298.8,197.5
c05_replay_150_0135,5,150,150,147,3,141,9,506.46479999999997,500.46479999999997,6.0,296.0,210.4648
c05_replay_150_0136,5,150,150,147,3,134,16,678.1999999999999,630.2,48.0,318.7,359.5
c05_replay_150_0137,5,150,150,99,51,143,7,439.0,292.5,146.5,264.0,175.0
c05_replay_150_0138,5,150,150,95,55,135,15,699.5648000000001,568.5648000000001,131.0,309.7,389.8648
c05_replay_150_0139,5,150,150,60,90,143,7,263.07999999999817,227.0,36.080000000000155,160.0800000000002,103.0
c05_replay_150_0140,5,150,150,150,0,142,8,421.0,421.0,0.0,303.2,117.8
c05_replay_150_0141,5,150,150,26,124,135,15,701.9648,54.4,647.5648,360.9,341.0648
c05_replay_150_0142,5,150,150,150,0,135,15,717.9000000000001,717.9000000000001,0.0,361.4000000000001,356.5
c05_replay_150_0143,5,150,150,150,0,136,14,526.3,526.3,0.0,268.29999999999995,258.0
c05_replay_150_0144,5,150,150,98,52,134,16,638.5,441.5,197.0,335.5,303.0
c05_replay_150_0145,5,150,150,83,67,139,11,510.9,324.4,186.5,334.2,176.7
c05_replay_150_0146,5,150,150,147,3,140,10,469.3,460.8,8.5,302.8,166.5
c05_replay_150_0147,5,150,150,97,53,138,12,454.17999999999967,369.8,84.38,247.6800000000003,206.5
c05_replay_150_0148,5,150,150,148,2,130,20,839.1648,829.1648,10.0,321.8,517.3648000000001
c05_replay_150_0149,5,150,150,149,1,140,10,491.0,487.0,4.0,318.0,173.0
c05_replay_150_0150,5,150,150,126,24,141,9,431.30000000000007,355.30000000000007,76.0,295.8,135.5
c05_replay_150_0151,5,150,150,149,1,138,12,463.90000000000003,435.90000000000003,28.0,250.30000000000004,213.60000000000002
c05_replay_150_0152,5,150,150,138,12,143,7,428.7,397.7,31.0,327.7,101.0
c05_replay_150_0153,5,150,150,150,0,137,13,550.2,550.2,0.0,294.7,255.5
c05_replay_150_0154,5,150,150,150,0,140,10,508.7,508.7,0.0,276.2,232.5
c05_replay_150_0155,5,150,150,150,0,139,11,531.8,531.8,0.0,292.79999999999995,239.0
c05_replay_150_0156,5,150,150,149,1,133,17,592.5,589.5,3.0,312.0,280.5
c05_replay_150_0157,5,150,150,82,68,144,6,567.0999999999999,373.6,193.5,349.8,217.3
c05_replay_150_0158,5,150,150,150,0,138,12,518.8,518.8,0.0,297.79999999999995,221.0
c05_replay_150_0159,5,150,150,149,1,140,10,506.59999999999997,498.59999999999997,8.0,323.59999999999997,183.0
c05_replay_150_0160,5,150,150,149,1,138,12,590.5648000000001,583.5648000000001,7.0,254.6,335.9648
c05_replay_150_0161,5,150,150,78,72,135,15,666.1,336.1,330.0,400.6,265.5
c05_replay_150_0162,5,150,150,85,65,144,6,419.9,240.89999999999998,179.0,340.2,79.7
c05_replay_150_0163,5,150,150,95,55,142,8,541.4295999999999,437.4296,104.0,257.0,284.4296
c05_replay_150_0164,5,150,150,150,0,136,14,561.7,561.7,0.0,285.1,276.6
c05_replay_150_0165,5,150,150,150,0,138,12,607.2647999999999,607.2647999999999,0.0,278.8,328.46479999999997
c05_replay_150_0166,5,150,150,150,0,142,8,453.69999999999993,453.69999999999993,0.0,289.6,164.1
c05_replay_150_0167,5,150,150,150,0,142,8,468.3,468.3,0.0,306.3,162.0
c05_replay_150_0168,5,150,150,147,3,135,15,591.0,588.0,3.0,282.4,308.6
c05_replay_150_0169,5,150,150,87,63,131,19,684.8,369.29999999999995,315.5,320.5,364.3
c05_replay_150_0170,5,150,150,150,0,143,7,458.8648,458.8648,0.0,289.0,169.8648
c05_replay_150_0171,5,150,150,149,1,140,10,693.9648,692.9648,1.0,323.1,370.8648
c05_replay_150_0172,5,150,150,150,0,138,12,491.8,491.8,0.0,315.3,176.5
c05_replay_150_0173,5,150,150,147,3,144,6,406.0,392.0,14.0,328.0,78.0
c05_replay_150_0174,5,150,150,85,65,137,13,664.7,458.2,206.5,346.6,318.1
c05_replay_150_0175,5,150,150,56,94,142,8,477.8,209.0,268.8,293.5,184.3
c05_replay_150_0176,5,150,150,129,21,132,18,634.8000000000001,564.0999999999999,70.7,279.0,355.8
c05_replay_150_0177,5,150,150,149,1,138,12,658.0,657.0,1.0,311.0,347.0
c05_replay_150_0178,5,150,150,150,0,139,11,610.5000000000001,610.5000000000001,0.0,354.0000000000001,256.5
c05_replay_150_0179,5,150,150,150,0,137,13,570.7,570.7,0.0,311.0,259.7
c05_replay_150_0180,5,150,150,149,1,135,15,638.0,628.0,10.0,320.0,318.0
c05_replay_150_0181,5,150,150,131,19,133,17,584.3,472.79999999999995,111.5,318.7,265.6
c05_replay_150_0182,5,150,150,149,1,132,18,649.6,642.1,7.5,303.6,346.00000000000006
c05_replay_150_0183,5,150,150,46,104,145,5,252.3,130.8,121.5,194.3,58.0
c05_replay_150_0184,5,150,150,150,0,133,17,847.5999999999999,847.5999999999999,0.0,296.0,551.6
c05_replay_150_0185,5,150,150,150,0,131,19,654.0,654.0,0.0,297.5,356.5
c05_replay_150_0186,5,150,150,148,2,136,14,597.7648,592.7648,5.0,313.6,284.1648
c05_replay_150_0187,5,150,150,150,0,135,15,617.3,617.3,0.0,299.3,318.0
c05_replay_150_0188,5,150,150,68,82,141,9,491.5,229.5,262.0,322.0,169.5
c05_replay_150_0189,5,150,150,134,16,140,10,532.0,480.0,52.0,356.5,175.5
c05_replay_150_0190,5,150,150,149,1,141,9,432.7,428.7,4.0,268.5,164.2
c05_replay_150_0191,5,150,150,146,4,141,9,547.0,539.0,8.0,350.0,197.0
c05_replay_150_0192,5,150,150,72,78,143,7,502.36479999999995,316.66479999999996,185.7,297.1,205.2648
c05_replay_150_0193,5,150,150,72,78,137,13,471.5,279.5,192.0,291.5,180.0
c05_replay_150_0194,5,150,150,109,41,140,10,506.5,364.5,142.0,362.5,144.0
c05_replay_150_0195,5,150,150,149,1,138,12,606.5,604.5,2.0,327.0,279.5
c05_replay_150_0196,5,150,150,150,0,136,14,450.40000000000003,450.40000000000003,0.0,275.5,174.9
c05_replay_150_0197,5,150,150,149,1,134,16,592.5,590.0,2.5,312.0,280.5
c05_replay_150_0198,5,150,150,149,1,139,11,495.5,491.0,4.5,332.5,163.0
c05_replay_150_0199,5,150,150,144,6,135,15,607.7647999999999,480.4,127.3648,265.7,342.0648
c05_replay_400_0100,5,400,400,381,19,362,38,1683.4000000000003,1535.9000000000003,147.5,874.2,809.2
c05_replay_400_0101,5,400,400,52,348,394,6,733.6,144.0,589.6,659.6,74.0
c05_replay_400_0102,5,400,400,216,184,371,29,1237.2,1018.7,218.5,701.5,535.7
c05_replay_400_0103,5,400,400,193,207,341,59,2344.0444,902.9796,1441.0647999999999,1054.15,1289.8944
c05_replay_400_0104,5,400,400,169,231,379,21,1083.5999999999997,665.5000000000001,418.10000000000014,682.3999999999996,401.2
c05_replay_400_0105,5,400,400,104,296,353,47,2197.5983999999994,387.8648,1809.7336000000012,827.7799999999999,1369.8184000000003
c05_replay_400_0106,5,400,400,400,0,366,34,1488.3,1488.3,0.0,849.0,639.3
c05_replay_400_0107,5,400,400,345,55,362,38,1693.1,1476.6,216.5,965.6,727.5
c05_replay_400_0108,5,400,400,355,45,371,29,1420.1999999999998,1268.1999999999998,152.0,890.5,529.7
c05_replay_400_0109,5,400,400,34,366,358,42,2429.3536,192.0,2237.3536,847.3000000000001,1582.0536000000002
c05_replay_400_0110,5,400,400,399,1,373,27,1471.6648000000002,1470.6648000000002,1.0,787.5999999999999,684.0648
c05_replay_400_0111,5,400,400,385,15,372,28,1548.3,1433.8,114.5,892.0,656.3000000000001
c05_replay_400_0112,5,400,400,330,70,370,30,1281.6,1159.6,122.0,823.1,458.5
c05_replay_400_0113,5,400,400,346,54,369,31,1520.85,1322.35,198.5,905.1,615.75
c05_replay_400_0114,5,400,400,109,291,391,9,743.1,376.4,366.70000000000005,564.9000000000001,178.2
c05_replay_400_0115,5,400,400,397,3,370,30,1419.7000000000003,1412.7000000000003,7.0,839.1999999999999,580.5
c05_replay_400_0116,5,400,400,347,53,365,35,1808.5944,1511.7296,296.8648,897.5,911.0944
c05_replay_400_0117,5,400,400,198,202,350,50,1947.9648,723.5,1224.4648,862.5,1085.4648
c05_replay_400_0118,5,400,400,399,1,378,22,1072.9,1072.1,0.8,752.8,320.09999999999997
c05_replay_400_0119,5,400,400,349,51,370,30,1263.8999999999999,1156.3999999999999,107.5,780.7,483.2
c05_replay_400_0120,5,400,400,350,50,372,28,1441.3648,1183.0,258.3648,849.1,592.2647999999999
c05_replay_400_0121,5,400,400,264,136,372,28,1372.6000000000001,962.6,410.0,890.9,481.7
c05_replay_400_0122,5,400,400,340,60,372,28,1405.1,1194.1,211.0,902.0,503.1
c05_replay_400_0123,5,400,400,397,3,377,23,1455.6296,1438.6296,17.0,830.6,625.0296000000001
c05_replay_400_0124,5,400,400,194,206,368,32,1508.3000000000002,896.9,611.4000000000001,852.6000000000001,655.7
c05_replay_400_0125,5,400,400,326,74,371,29,1474.3,1244.3,230.0,887.5,586.8
c05_replay_400_0126,5,400,400,394,6,366,34,1430.1999999999998,1408.1999999999998,22.0,834.8,595.3999999999999
c05_replay_400_0127,5,400,400,391,9,356,44,1770.5399999999997,1663.8,106.73999999999998,908.34,862.2
c05_replay_400_0128,5,400,400,332,68,383,17,1245.1000000000001,1047.7,197.4,856.3000000000001,388.8
c05_replay_400_0129,5,400,400,400,0,371,29,1254.6999999999998,1254.6999999999998,0.0,797.7,457.0
c05_replay_400_0130,5,400,400,255,145,380,20,1106.6999999999998,822.1999999999999,284.5,690.5999999999999,416.1
c05_replay_400_0131,5,400,400,343,57,363,37,1707.0648,1549.5648,157.5,813.3000000000001,893.7648
c05_replay_400_0132,5,400,400,60,340,393,7,279.2499999999988,227.0,52.25000000000005,176.25000000000102,103.0
c05_replay_400_0133,5,400,400,400,0,377,23,1127.9,1127.9,0.0,736.1,391.8
c05_replay_400_0134,5,400,400,176,224,374,26,1499.9647999999997,536.7,963.2647999999998,932.1,567.8648000000001
c05_replay_400_0135,5,400,400,150,250,386,14,832.8,526.3,306.5,574.8,258.0
c05_replay_400_0136,5,400,400,332,68,367,33,1585.0647999999999,1389.5648,195.5,894.5000000000001,690.5648
c05_replay_400_0137,5,400,400,232,168,380,20,1015.7000000000007,837.0999999999999,178.59999999999985,610.2000000000008,405.5
c05_replay_400_0138,5,400,400,148,252,365,35,1318.1799999999996,589.3,728.88,796.1800000000003,522.0
c05_replay_400_0139,5,400,400,376,24,370,30,1417.4,1341.4,76.0,818.7,598.7
c05_replay_400_0140,5,400,400,399,1,370,30,1306.7,1278.7000000000003,28.0,757.6000000000003,549.1
c05_replay_400_0141,5,400,400,382,18,365,35,1517.2,1474.2,43.0,860.2,657.0
c05_replay_400_0142,5,400,400,396,4,368,32,1457.7,1440.7,17.0,821.7,636.0
c05_replay_400_0143,5,400,400,398,2,367,33,1405.1,1395.6,9.5,776.6,628.5
c05_replay_400_0144,5,400,400,319,81,384,16,1246.3,961.8000000000001,284.5,866.0000000000001,380.3
c05_replay_400_0145,5,400,400,397,3,370,30,1470.4,1454.4,16.0,801.8999999999999,668.5
c05_replay_400_0146,5,400,400,346,54,372,28,1358.6,1166.6,192.0,901.0,457.6
c05_replay_400_0147,5,400,400,223,177,379,21,1140.6647999999998,846.1648000000002,294.5,665.0000000000001,475.6648
c05_replay_400_0148,5,400,400,325,75,372,28,1503.2648000000002,1297.7648000000002,205.5,899.6999999999999,603.5648
c05_replay_400_0149,5,400,400,400,0,371,29,1408.5,1408.5,0.0,834.8,573.7
c05_replay_400_0150,5,400,400,396,4,367,33,1694.2148,1687.2148,7.0,848.85,845.3648000000001
c05_replay_400_0151,5,400,400,88,312,347,53,1949.3,366.5,1582.8,764.0,1185.3
c05_replay_400_0152,5,400,400,398,2,365,35,1605.5,1601.5,4.0,831.5,774.0
c05_replay_400_0153,5,400,400,342,58,357,43,1746.0,1449.0,297.0,897.5,848.5
c05_replay_400_0154,5,400,400,200,200,362,38,1579.3000000000002,718.8000000000001,860.5,877.0,702.3
c05_replay_400_0155,5,400,400,46,354,395,5,600.8,130.8,470.0,542.8,58.0
c05_replay_400_0156,5,400,400,195,205,366,34,1461.8999999999996,662.6,799.3,794.4,667.5
c05_replay_400_0157,5,400,400,398,2,373,27,1241.0000000000002,1216.0000000000002,25.0,731.3000000000001,509.7
c05_replay_400_0158,5,400,400,383,17,371,29,1535.5,1496.0,39.5,907.5,628.0
c05_replay_400_0159,5,400,400,72,328,387,13,753.3000000000001,279.5,473.79999999999995,573.3,180.0
c05_replay_400_0160,5,400,400,393,7,371,29,1097.8,1076.8,21.0,702.4,395.4
c05_replay_400_0161,5,400,400,297,103,341,59,2071.1600000000008,1189.7,881.4600000000004,835.3600000000005,1235.8000000000004
c05_replay_400_0162,5,400,400,334,66,370,30,1563.3,1357.8,205.5,945.3,618.0
c05_replay_400_0163,5,400,400,329,71,370,30,1443.3000000000002,1215.8000000000002,227.5,868.2,575.0999999999999
c05_replay_400_0164,5,400,400,211,189,377,23,1249.7648,723.7,526.0648,749.7000000000002,500.0648
c05_replay_400_0165,5,400,400,394,6,352,48,1742.9648000000002,1696.9648000000002,46.0,898.0,844.9648
c05_replay_400_0166,5,400,400,348,52,379,21,1194.6000000000004,1001.6000000000004,193.0,865.7,328.9
c05_replay_400_0167,5,400,400,351,49,350,50,1709.1999999999996,1363.1999999999996,346.0,749.4999999999998,959.6999999999999
c05_replay_400_0168,5,400,400,378,22,388,12,868.4,826.4,42.0,722.4,146.0
c05_replay_400_0169,5,400,400,67,333,384,16,857.0999999999999,265.59999999999997,591.5,601.1,256.0
c05_replay_400_0170,5,400,400,128,272,387,13,1047.9500000000003,459.0,588.9500000000002,858.4500000000002,189.5
c05_replay_400_0171,5,400,400,90,310,387,13,817.1300000000003,325.5,491.6300000000003,616.429999999999,200.7
c05_replay_400_0172,5,400,400,85,315,381,19,1085.3000000000002,312.6,772.7000000000003,734.1000000000003,351.2
c05_replay_400_0173,5,400,400,398,2,369,31,1293.5999999999997,1285.5999999999997,8.0,813.5999999999999,480.0
c05_replay_400_0174,5,400,400,153,247,388,12,827.2999999999998,501.8,325.50000000000006,617.2999999999997,210.0
c05_replay_400_0175,5,400,400,155,245,389,11,836.6000000000004,550.3,286.29999999999995,629.0999999999999,207.5
c05_replay_400_0176,5,400,400,160,240,387,13,1046.2999999999997,489.90000000000003,556.3999999999993,823.2999999999994,223.0
c05_replay_400_0177,5,400,400,394,6,358,42,1588.7648,1572.2648,16.5,741.8000000000001,846.9648
c05_replay_400_0178,5,400,400,187,213,377,23,1315.6647999999998,550.9000000000001,764.7648,825.8000000000001,489.8648
c05_replay_400_0179,5,400,400,361,39,354,46,1665.1,1390.1,275.0,856.4,808.7
c05_replay_400_0180,5,400,400,330,70,376,24,1384.9,1126.4,258.5,834.1,550.8
c05_replay_400_0181,5,400,400,346,54,378,22,1156.8,1072.8,84.0,753.6,403.2
c05_replay_400_0182,5,400,400,36,364,350,50,2933.4775999999997,116.80000000000001,2816.6776,956.6,1976.8776000000005
c05_replay_400_0183,5,400,400,398,2,377,23,1302.0,1297.0,5.0,829.5000000000001,472.5
c05_replay_400_0184,5,400,400,297,103,362,38,1523.7296000000001,1097.7296000000001,426.0,740.7,783.0296000000001
c05_replay_400_0185,5,400,400,11,389,400,0,704.9000000000003,36.0,668.9000000000003,704.9000000000003,0.0
c05_replay_400_0186,5,400,400,155,245,381,19,1089.2,574.2,515.0,796.0,293.2
c05_replay_400_0187,5,400,400,67,333,336,64,2471.1492,222.8,2248.3492,588.49,1882.6592000000003
c05_replay_400_0188,5,400,400,179,221,372,28,1323.1,723.4999999999998,599.6,787.6,535.5
c05_replay_400_0189,5,400,400,51,349,370,30,1434.0,208.10000000000002,1225.9,832.9,601.1
c05_replay_400_0190,5,400,400,211,189,377,23,1289.1,766.7,522.4,885.4,403.7
c05_replay_400_0191,5,400,400,40,360,384,16,1069.2448,250.7648,818.48,757.88,311.3648
c09_replay_150_0100,9,150,150,49,101,140,10,557.5,238.5,319.0,318.5,239.0
c09_replay_150_0101,9,150,150,57,93,134,16,492.25,243.0,249.25,266.25,226.0
c09_replay_150_0102,9,150,150,29,121,135,15,489.25,149.0,340.25,260.25,229.0
c09_replay_150_0103,9,150,150,35,115,135,15,611.0,144.0,467.0,322.25,288.75
c09_replay_150_0104,9,150,150,28,122,140,10,503.25,140.5,362.75,311.75,191.5
c09_replay_150_0105,9,150,150,35,115,130,20,634.5,140.75,493.75,303.5,331.0
c09_replay_150_0106,9,150,150,46,104,137,13,449.25,160.0,289.25,296.25,153.0
c09_replay_150_0107,9,150,150,54,96,140,10,453.75,271.5,182.25,295.75,158.0
c09_replay_150_0108,9,150,150,48,102,137,13,495.5,186.75,308.75,313.0,182.5
c09_replay_150_0109,9,150,150,51,99,134,16,642.25,240.25,402.0,298.5,343.75
c09_replay_150_0110,9,150,150,54,96,137,13,485.0,198.5,286.5,286.5,198.5
c09_replay_150_0111,9,150,150,39,111,136,14,510.0,137.5,372.5,292.75,217.25
c09_replay_150_0112,9,150,150,38,112,139,11,595.25,132.75,462.5,342.0,253.25
c09_replay_150_0113,9,150,150,50,100,137,13,492.75,220.0,272.75,299.75,193.0
c09_replay_150_0114,9,150,150,16,134,126,24,642.5,144.0,498.5,240.0,402.5
c09_replay_150_0115,9,150,150,32,118,136,14,601.0,135.75,465.25,290.75,310.25
c09_replay_150_0116,9,150,150,46,104,129,21,781.25,172.5,608.75,275.75,505.5
c09_replay_150_0117,9,150,150,44,106,139,11,478.25,104.25,374.0,336.25,142.0
c09_replay_150_0118,9,150,150,78,72,128,22,618.75,346.5,272.25,266.75,352.0
c09_replay_150_0119,9,150,150,22,128,144,6,432.6148,60.75,371.8648,284.75,147.8648
c09_replay_150_0120,9,150,150,55,95,135,15,589.25,306.25,283.0,326.75,262.5
c09_replay_150_0121,9,150,150,48,102,137,13,581.25,210.25,371.0,300.0,281.25
c09_replay_150_0122,9,150,150,41,109,137,13,477.25,163.25,314.0,268.5,208.75
c09_replay_150_0123,9,150,150,47,103,132,18,666.25,262.25,404.0,296.5,369.75
c09_replay_150_0124,9,150,150,35,115,138,12,620.5,154.25,466.25,318.0,302.5
c09_replay_150_0125,9,150,150,54,96,137,13,517.25,273.75,243.5,286.0,231.25
c09_replay_150_0126,9,150,150,28,122,127,23,652.0,100.25,551.75,288.5,363.5
c09_replay_150_0127,9,150,150,51,99,138,12,594.25,157.75,436.5,343.5,250.75
c09_replay_150_0128,9,150,150,40,110,140,10,700.8444,236.8648,463.9796,313.75,387.0944
c09_replay_150_0129,9,150,150,36,114,140,10,507.5,131.0,376.5,314.25,193.25
c09_replay_150_0130,9,150,150,54,96,134,16,591.25,231.0,360.25,294.75,296.5
c09_replay_150_0131,9,150,150,30,120,140,10,488.5,102.25,386.25,293.25,195.25
c09_replay_150_0132,9,150,150,22,128,135,15,544.25,128.75,415.5,288.25,256.0
c09_replay_150_0133,9,150,150,12,138,141,9,365.5,30.25,335.25,263.5,102.0
c09_replay_150_0134,9,150,150,52,98,140,10,485.5,144.0,341.5,312.25,173.25
c09_replay_150_0135,9,150,150,37,113,138,12,519.75,190.0,329.75,281.75,238.0
c09_replay_150_0136,9,150,150,16,134,136,14,442.0,58.25,383.75,252.25,189.75
c09_replay_150_0137,9,150,150,62,88,127,23,727.75,327.5,400.25,347.0,380.75
c09_replay_150_0138,9,150,150,59,91,132,18,583.0,272.5,310.5,244.75,338.25
c09_replay_150_0139,9,150,150,45,105,133,17,579.5,154.25,425.25,262.0,317.5
c09_replay_150_0140,9,150,150,2,148,141,9,494.0,2.5,491.5,305.25,188.75
c09_replay_150_0141,9,150,150,36,114,136,14,642.1148000000001,120.25,521.8648000000001,319.75,322.3648
c09_replay_150_0142,9,150,150,28,122,117,33,1007.5,267.25,740.25,273.75,733.75
c09_replay_150_0143,9,150,150,12,138,137,13,540.8648000000001,34.75,506.1148,266.75,274.1148
c09_replay_150_0144,9,150,150,42,108,135,15,554.25,241.5,312.75,308.25,246.0
c09_replay_150_0145,9,150,150,26,124,121,29,918.25,158.75,759.5,318.75,599.5
c09_replay_150_0146,9,150,150,46,104,137,13,462.5,105.75,356.75,275.0,187.5
c09_replay_150_0147,9,150,150,72,78,141,9,628.25,329.25,299.0,368.25,260.0
c09_replay_150_0148,9,150,150,14,136,141,9,410.25,63.0,347.25,282.5,127.75
c09_replay_150_0149,9,150,150,41,109,130,20,650.5,163.0,487.5,265.25,385.25
c09_replay_150_0150,9,150,150,54,96,131,19,654.25,233.75,420.5,298.75,355.5
c09_replay_150_0151,9,150,150,31,119,138,12,568.0004,164.25,403.7504,303.7504,264.25
c09_replay_150_0152,9,150,150,46,104,138,12,472.75,146.75,326.0,289.75,183.0
c09_replay_150_0153,9,150,150,43,107,139,11,633.25,230.75,402.5,324.75,308.5
c09_replay_150_0154,9,150,150,52,98,140,10,465.0,147.25,317.75,331.75,133.25
c09_replay_150_0155,9,150,150,34,116,137,13,518.75,132.0,386.75,302.5,216.25
c09_replay_150_0156,9,150,150,36,114,120,30,750.75,201.25,549.5,262.5,488.25
c09_replay_150_0157,9,150,150,49,101,136,14,637.5,208.5,429.0,351.0,286.5
c09_replay_150_0158,9,150,150,6,144,142,8,394.75,8.0,386.75,270.75,124.0
c09_replay_150_0159,9,150,150,52,98,137,13,466.5,180.75,285.75,316.75,149.75
c09_replay_150_0160,9,150,150,46,104,133,17,556.25,197.25,359.0,297.75,258.5
c09_replay_150_0161,9,150,150,48,102,138,12,499.75,196.0,303.75,277.0,222.75
c09_replay_150_0162,9,150,150,58,92,130,20,637.5,279.0,358.5,281.5,356.0
c09_replay_150_0163,9,150,150,47,103,134,16,676.5,182.0,494.5,350.75,325.75
c09_replay_150_0164,9,150,150,13,137,133,17,556.0,36.75,519.25,302.75,253.25
c09_replay_150_0165,9,150,150,48,102,129,21,629.0,203.25,425.75,312.25,316.75
c09_replay_150_0166,9,150,150,50,100,127,23,642.0,269.75,372.25,309.25,332.75
c09_replay_150_0167,9,150,150,34,116,137,13,512.25,139.25,373.0,291.0,221.25
c09_replay_150_0168,9,150,150,47,103,136,14,606.0,269.25,336.75,295.75,310.25
c09_replay_150_0169,9,150,150,72,78,134,16,526.0,271.25,254.75,317.75,208.25
c09_replay_150_0170,9,150,150,23,127,139,11,490.75,51.5,439.25,308.75,182.0
c09_replay_150_0171,9,150,150,64,86,132,18,592.0001,273.5001,318.5,336.2501,255.75
c09_replay_150_0172,9,150,150,34,116,133,17,570.0,113.0,457.0,309.5,260.5
c09_replay_150_0173,9,150,150,32,118,137,13,489.75,106.5,383.25,329.5,160.25
c09_replay_150_0174,9,150,150,36,114,140,10,479.0,101.25,377.75,307.0,172.0
c09_replay_150_0175,9,150,150,44,106,132,18,585.25,207.5,377.75,294.25,291.0
c09_replay_150_0176,9,150,150,63,87,134,16,747.1148000000001,210.75,536.3648000000001,307.25,439.8648
c09_replay_150_0177,9,150,150,38,112,139,11,530.25,199.75,330.5,308.0,222.25
c09_replay_150_0178,9,150,150,54,96,134,16,647.25,191.75,455.5,329.5,317.75
c09_replay_150_0179,9,150,150,35,115,138,12,532.75,119.25,413.5,314.75,218.0
c09_replay_150_0180,9,150,150,43,107,141,9,389.25,86.5,302.75,281.75,107.5
c09_replay_150_0181,9,150,150,62,88,134,16,625.5,211.25,414.25,329.75,295.75
c09_replay_150_0182,9,150,150,43,107,141,9,459.75,179.0,280.75,310.5,149.25
c09_replay_150_0183,9,150,150,49,101,140,10,545.0,200.5,344.5,308.25,236.75
c09_replay_150_0184,9,150,150,48,102,138,12,646.1148000000001,140.25,505.8648,315.75,330.3648
c09_replay_150_0185,9,150,150,31,119,145,5,406.5,119.0,287.5,307.25,99.25
c09_replay_150_0186,9,150,150,43,107,137,13,521.5,168.25,353.25,285.5,236.0
c09_replay_150_0187,9,150,150,40,110,135,15,608.6148000000001,145.75,462.8648,338.75,269.8648
c09_replay_150_0188,9,150,150,50,100,143,7,445.25,148.0,297.25,341.5,103.75
c09_replay_150_0189,9,150,150,16,134,133,17,537.4996,129.4996,408.0,221.0,316.4996
c09_replay_150_0190,9,150,150,62,88,140,10,578.75,359.0,219.75,331.0,247.75
c09_replay_150_0191,9,150,150,32,118,137,13,550.75,158.0,392.75,326.25,224.5
c09_replay_150_0192,9,150,150,30,120,136,14,659.1148000000001,178.1148,481.0,306.5,352.6148
c09_replay_150_0193,9,150,150,43,107,139,11,505.75,171.0,334.75,327.25,178.5
c09_replay_150_0194,9,150,150,40,110,138,12,516.0,180.5,335.5,322.5,193.5
c09_replay_150_0195,9,150,150,66,84,129,21,702.6148000000001,334.0,368.6148,317.25,385.3648
c09_replay_150_0196,9,150,150,35,115,139,11,536.75,93.5,443.25,295.75,241.0
c09_replay_150_0197,9,150,150,34,116,137,13,396.0,133.0,263.0,245.25,150.75
c09_replay_150_0198,9,150,150,49,101,131,19,630.0,203.25,426.75,294.75,335.25
c09_replay_150_0199,9,150,150,26,124,144,6,400.0,110.75,289.25,317.25,82.75
c09_replay_400_0100,9,400,400,123,277,368,32,1521.75,614.0,907.75,848.5,673.25
c09_replay_400_0101,9,400,400,115,285,360,40,1481.75,535.0,946.75,725.5,756.25
c09_replay_400_0102,9,400,400,29,371,373,27,1071.5,149.0,922.5,664.0,407.5
c09_replay_400_0103,9,400,400,106,294,366,34,1581.75,468.5,1113.25,913.25,668.5
c09_replay_400_0104,9,400,400,93,307,363,37,1411.25,387.0,1024.25,814.75,596.5
c09_replay_400_0105,9,400,400,35,365,356,44,1498.8648,140.75,1358.1148,711.25,787.6148000000001
c09_replay_400_0106,9,400,400,100,300,357,43,1482.0,359.0,1123.0,827.0,655.0
c09_replay_400_0107,9,400,400,101,299,369,31,1327.8648,457.0,870.8648000000001,771.5,556.3648000000001
c09_replay_400_0108,9,400,400,130,270,348,52,2006.3648,588.5,1417.8648,807.75,1198.6148
c09_replay_400_0109,9,400,400,138,262,369,31,1386.5,507.0,879.5,795.5,591.0
c09_replay_400_0110,9,400,400,77,323,365,35,1352.25,301.75,1050.5,772.25,580.0
c09_replay_400_0111,9,400,400,138,262,360,40,1623.1148,605.5,1017.6148000000001,872.25,750.8648000000001
c09_replay_400_0112,9,400,400,81,319,358,42,1360.25,374.0,986.25,704.75,655.5
c09_replay_400_0113,9,400,400,16,384,370,30,1100.75,144.0,956.75,590.0,510.75
c09_replay_400_0114,9,400,400,109,291,362,38,1524.0,394.5,1129.5,796.25,727.75
c09_replay_400_0115,9,400,400,105,295,365,35,1429.0,410.25,1018.75,896.5,532.5
c09_replay_400_0116,9,400,400,78,322,362,38,1279.25,346.5,932.75,657.5,621.75
c09_replay_400_0117,9,400,400,138,262,362,38,1587.6148,628.25,959.3648000000001,793.25,794.3648000000001
c09_replay_400_0118,9,400,400,107,293,367,33,1472.75,369.0,1103.75,787.75,685.0
c09_replay_400_0119,9,400,400,116,284,353,47,1666.6173000000001,642.3673,1024.25,801.5025,865.1148000000001
c09_replay_400_0120,9,400,400,117,283,354,46,1740.25,565.25,1175.0,824.0,916.25
c09_replay_400_0121,9,400,400,131,269,365,35,1392.25,657.25,735.0,780.25,612.0
c09_replay_400_0122,9,400,400,28,372,370,30,1204.0,100.25,1103.75,704.5,499.5
c09_replay_400_0123,9,400,400,125,275,352,48,1618.0,527.5,1090.5,835.25,782.75
c09_replay_400_0124,9,400,400,131,269,370,30,1462.5944,604.1148000000001,858.4796,783.5,679.0944
c09_replay_400_0125,9,400,400,115,285,367,33,1325.5,395.5,930.0,738.75,586.75
c09_replay_400_0126,9,400,400,104,296,367,33,1462.3648,337.5,1124.8648,776.5,685.8648000000001
c09_replay_400_0127,9,400,400,22,378,378,22,1016.5,128.75,887.75,670.25,346.25
c09_replay_400_0128,9,400,400,58,342,376,24,1112.75,214.25,898.5,772.5,340.25
c09_replay_400_0129,9,400,400,102,298,371,29,1133.25,332.25,801.0,714.75,418.5
c09_replay_400_0130,9,400,400,68,332,380,20,1148.6148,200.75,947.8648000000001,783.5,365.1148
c09_replay_400_0131,9,400,400,94,306,357,43,1506.75,376.0,1130.75,765.25,741.5
c09_replay_400_0132,9,400,400,16,384,377,23,995.75,58.25,937.5,675.5,320.25
c09_replay_400_0133,9,400,400,143,257,361,39,1660.8648,591.5,1069.3648,916.75,744.1148000000001
c09_replay_400_0134,9,400,400,2,398,379,21,1079.0,2.5,1076.5,722.25,356.75
c09_replay_400_0135,9,400,400,103,297,363,37,1561.6148,453.0,1108.6148,820.0,741.6148000000001
c09_replay_400_0136,9,400,400,75,325,344,56,2017.8648,519.8648000000001,1498.0,772.25,1245.6148
c09_replay_400_0137,9,400,400,51,349,347,53,1747.7496,305.9996,1441.75,702.75,1044.9996
c09_replay_400_0138,9,400,400,126,274,372,28,1230.5,349.5,881.0,829.0,401.5
c09_replay_400_0139,9,400,400,134,266,367,33,1615.75,612.75,1003.0,828.25,787.5
c09_replay_400_0140,9,400,400,99,301,353,47,1587.5,410.0,1177.5,710.0,877.5
c09_replay_400_0141,9,400,400,124,276,365,35,1548.0,613.0,935.0,845.25,702.75
c09_replay_400_0142,9,400,400,113,287,363,37,1752.3648,521.0,1231.3648,776.75,975.6148000000001
c09_replay_400_0143,9,400,400,114,286,361,39,1574.6148,415.0,1159.6148,835.5,739.1148000000001
c09_replay_400_0144,9,400,400,36,364,362,38,1310.0,201.25,1108.75,721.75,588.25
c09_replay_400_0145,9,400,400,112,288,374,26,1312.3648,449.0,863.3648000000001,803.0,509.3648
c09_replay_400_0146,9,400,400,138,262,358,42,1588.75,686.25,902.5,765.75,823.0
c09_replay_400_0147,9,400,400,13,387,367,33,1350.5,36.75,1313.75,798.5,552.0
c09_replay_400_0148,9,400,400,119,281,366,34,1358.1148,499.6148,858.5,808.0,550.1148000000001
c09_replay_400_0149,9,400,400,62,338,365,35,1375.5,212.25,1163.25,809.0,566.5
c09_replay_400_0150,9,400,400,82,318,361,39,1388.25,309.0,1079.25,828.25,560.0
c09_replay_400_0151,9,400,400,135,265,368,32,1303.5001,540.7501,762.75,841.7501,461.75
c09_replay_400_0152,9,400,400,112,288,372,28,1309.0,334.25,974.75,782.75,526.25
c09_replay_400_0153,9,400,400,115,285,357,43,1743.4796000000001,561.3648000000001,1182.1148,763.25,980.2296000000001
c09_replay_400_0154,9,400,400,127,273,374,26,1278.75,422.0,856.75,846.5,432.25
c09_replay_400_0155,9,400,400,152,248,363,37,1609.1148,500.75,1108.3648,848.0,761.1148000000001
c09_replay_400_0156,9,400,400,55,345,359,41,1476.0,217.5,1258.5,773.25,702.75
c09_replay_400_0157,9,400,400,71,329,355,45,1705.25,337.5,1367.75,875.25,830.0
c09_replay_400_0158,9,400,400,78,322,353,47,1586.25,298.5,1287.75,830.0,756.25
c09_replay_400_0159,9,400,400,65,335,372,28,1278.0,300.5,977.5,746.75,531.25
c09_replay_400_0160,9,400,400,113,287,369,31,1409.5,489.5,920.0,766.75,642.75
c09_replay_400_0161,9,400,400,147,253,359,41,1482.75,583.0,899.75,807.75,675.0
c09_replay_400_0162,9,400,400,65,335,373,27,1413.6148,348.75,1064.8648,725.75,687.8648000000001
c09_replay_400_0163,9,400,400,65,335,364,36,1252.5,192.5,1060.0,754.75,497.75
c09_replay_400_0164,9,400,400,5,395,372,28,1061.5,43.25,1018.25,668.25,393.25
c09_replay_400_0165,9,400,400,34,366,375,25,1049.0,143.0,906.0,660.25,388.75
c09_replay_400_0166,9,400,400,8,392,372,28,1150.75,46.0,1104.75,654.0,496.75
c09_replay_400_0167,9,400,400,14,386,371,29,1107.75,53.5,1054.25,664.0,443.75
c09_replay_400_0168,9,400,400,87,313,367,33,1486.3648,334.25,1152.1148,748.25,738.1148000000001
c09_replay_400_0169,9,400,400,6,394,381,19,874.75,6.0,868.75,566.5,308.25
c09_replay_400_0170,9,400,400,133,267,361,39,1680.7296000000001,569.3648000000001,1111.3648,814.25,866.4796
c10_replay_150_0100,10,150,150,3,147,149,1,154.41000000000014,3.25,151.16000000000014,145.91000000000005,8.5
c10_replay_150_0101,10,150,150,39,111,141,9,328.5,103.0,225.5,207.5,121.0
c10_replay_150_0102,10,150,150,96,54,125,25,1167.453999999999,366.1148,801.3392000000001,208.3800000000001,959.0740000000001
c10_replay_150_0103,10,150,150,55,95,131,19,833.9796000000001,176.0,657.9796,182.5,651.4796
c10_replay_150_0104,10,150,150,24,126,144,6,377.75959999999986,132.3648,245.39480000000003,135.03000000000003,242.7296
c10_replay_150_0105,10,150,150,94,56,133,17,817.2896000000002,391.0,426.28959999999995,262.31,554.9796
c10_replay_150_0106,10,150,150,78,72,129,21,1070.6396,192.75,877.8896,225.91,844.7296000000001
c10_replay_150_0107,10,150,150,74,76,142,8,332.74999999999955,204.5,128.24999999999994,191.00000000000017,141.75
c10_replay_150_0108,10,150,150,8,142,147,3,148.88,22.5,126.38000000000002,118.88000000000001,30.0
c10_replay_150_0109,10,150,150,14,136,136,14,1264.2283999999984,31.25,1232.9783999999984,165.3100000000001,1098.9184000000002
c10_replay_150_0110,10,150,150,73,77,136,14,549.5,231.75,317.75,327.0,222.5
c10_replay_150_0111,10,150,150,41,109,147,3,280.25,134.0,146.25,223.5,56.75
c10_replay_150_0112,10,150,150,14,136,149,1,156.25,37.75,118.5,141.0,15.25
c10_replay_150_0113,10,150,150,41,109,146,4,236.25,96.25,140.0,149.25,87.0
c10_replay_150_0114,10,150,150,61,89,132,18,992.3648000000001,198.0,794.3648000000001,170.5,821.8648000000001
c10_replay_150_0115,10,150,150,33,117,137,13,579.6148000000001,126.5,453.1148,215.0,364.6148
c10_replay_150_0116,10,150,150,31,119,144,6,230.64,107.75,122.89,146.89000000000001,83.75
c10_replay_150_0117,10,150,150,8,142,144,6,341.28999999999996,86.25,255.04000000000002,168.79000000000002,172.5
c10_replay_150_0118,10,150,150,46,104,140,10,440.8648000000008,108.75,332.1148000000008,215.24999999999955,225.6148
c10_replay_150_0119,10,150,150,15,135,147,3,184.39480000000012,53.75,130.64480000000006,57.780000000000044,126.6148
c10_replay_150_0120,10,150,150,46,104,140,10,463.2248000000001,150.0,313.22479999999996,233.10999999999996,230.1148
c10_replay_150_0121,10,150,150,1,149,149,1,171.77000000000007,0.25,171.52000000000007,162.77000000000007,9.0
c10_replay_150_0122,10,150,150,85,65,141,9,435.0,193.0,242.0,228.25,206.75
c10_replay_150_0123,10,150,150,21,129,131,19,427.24999999999994,44.92,382.3299999999999,239.25,188.0
c10_replay_150_0124,10,150,150,63,87,119,31,1625.074,224.25,1400.8240000000003,228.75,1396.3240000000003
c10_replay_150_0125,10,150,150,32,118,141,9,477.3396,86.0,391.3396,171.61,305.7296
c10_replay_150_0126,10,150,150,14,136,150,0,210.74,22.5,188.24,210.74,0.0
c10_replay_150_0127,10,150,150,6,144,145,5,216.11000000000016,30.0,186.11000000000018,55.859999999999985,160.25
c10_replay_150_0128,10,150,150,52,98,116,34,2123.8776000000007,142.5,1981.3776000000005,211.25,1912.6276000000005
c10_replay_150_0129,10,150,150,68,82,139,11,405.75,186.5,219.25,220.25,185.5
c10_replay_150_0130,10,150,150,36,114,115,35,1690.5984,162.0,1528.5984,195.93,1494.6684000000002
c10_replay_150_0131,10,150,150,98,52,145,5,325.0,234.5,90.5,252.0,73.0
c10_replay_150_0132,10,150,150,18,132,148,2,143.28000000000006,66.25,77.02999999999996,112.27999999999997,31.0
c10_replay_150_0133,10,150,150,67,83,136,14,764.7696000000008,227.5,537.2696000000008,218.7900000000001,545.9796
c10_replay_150_0134,10,150,150,3,147,144,6,197.69,5.5,192.19,111.18999999999998,86.5
c10_replay_150_0135,10,150,150,107,43,130,20,1265.3444000000002,273.5,991.8444,236.5,1028.8444
c10_replay_150_0136,10,150,150,2,148,150,0,116.41,2.5,113.91000000000001,116.41,0.0
c10_replay_150_0137,10,150,150,2,148,150,0,64.76999999999994,5.0,59.76999999999994,64.76999999999994,0.0
c10_replay_150_0138,10,150,150,4,146,149,1,161.39000000000013,22.25,139.14000000000001,146.14000000000001,15.25
c10_replay_150_0139,10,150,150,19,131,148,2,179.45,70.25,109.2,149.45,30.0
c10_replay_150_0140,10,150,150,73,77,122,28,1701.3532,181.0,1520.3532,247.57000000000005,1453.7832000000003
c10_replay_150_0141,10,150,150,82,68,143,7,332.8300000000001,184.0,148.83000000000007,239.83000000000004,93.0
c10_replay_150_0142,10,150,150,14,136,147,3,211.15000000000003,34.25,176.90000000000003,177.15000000000003,34.0
c10_replay_150_0143,10,150,150,124,26,131,19,1036.8444000000002,754.4796000000001,282.3648,371.75,665.0944
c10_replay_150_0144,10,150,150,99,51,141,9,400.25,238.75,161.5,269.0,131.25
c10_replay_150_0145,10,150,150,89,61,126,24,1710.3776000000007,230.25,1480.1276000000005,271.75,1438.6276000000005
c10_replay_150_0146,10,150,150,60,90,137,13,821.3444,183.5,637.8444,173.5,647.8444
c10_replay_150_0147,10,150,150,16,134,149,1,142.76999999999987,32.75,110.01999999999987,133.76999999999987,9.0
c10_replay_150_0148,10,150,150,28,122,149,1,138.8500000000002,44.0,94.84999999999997,128.84999999999997,10.0
c10_replay_150_0149,10,150,150,61,89,140,10,460.06479999999965,264.6148,195.4500000000001,181.7000000000001,278.3648
c10_replay_150_0150,10,150,150,25,125,143,7,295.58000000000004,64.5,231.07999999999998,153.07999999999998,142.5
c10_replay_150_0151,10,150,150,15,135,148,2,232.25,22.5,209.75,193.25,39.0
c10_replay_150_0152,10,150,150,40,110,142,8,382.6999999999999,239.25,143.45,204.95000000000005,177.75
c10_replay_150_0153,10,150,150,66,84,137,13,469.6148,178.25,291.3648,198.5,271.1148
c10_replay_150_0154,10,150,150,114,36,141,9,735.0944,261.0,474.0944,234.0,501.0944
c10_replay_150_0155,10,150,150,23,127,149,1,183.76999999999995,37.75,146.02,175.26999999999995,8.5
c10_replay_150_0156,10,150,150,37,113,150,0,172.5,58.25,114.25,172.5,0.0
c10_replay_150_0157,10,150,150,22,128,146,4,359.3947999999999,254.1148,105.28000000000004,138.0300000000001,221.3648
c10_replay_150_0158,10,150,150,45,105,144,6,271.0,92.75,178.25,152.5,118.5
c10_replay_150_0159,10,150,150,21,129,104,46,3067.7959999999994,42.75,3025.0459999999994,118.0,2949.796
c10_replay_150_0160,10,150,150,19,131,150,0,128.80999999999997,29.0,99.81000000000002,128.80999999999997,0.0
c10_replay_150_0161,10,150,150,4,146,148,2,79.92999999999994,32.5,47.430000000000064,40.930000000000035,39.0
c10_replay_150_0162,10,150,150,26,124,150,0,171.0,44.0,127.0,171.0,0.0
c10_replay_150_0163,10,150,150,61,89,146,4,288.21479999999997,150.25,137.96480000000028,155.10000000000028,133.1148
c10_replay_150_0164,10,150,150,7,143,150,0,105.04000000000005,12.5,92.54000000000003,105.04000000000005,0.0
c10_replay_150_0165,10,150,150,118,32,136,14,593.6999999999999,472.75,120.94999999999999,312.69999999999993,281.0
c10_replay_150_0166,10,150,150,104,46,141,9,485.25,295.75,189.5,273.0,212.25
c10_replay_150_0167,10,150,150,126,24,136,14,565.25,380.25,185.0,265.75,299.5
c10_replay_150_0168,10,150,150,0,150,147,3,188.0,0.0,188.0,130.0,58.0
c10_replay_150_0169,10,150,150,8,142,150,0,125.03999999999999,11.25,113.78999999999998,125.03999999999999,0.0
c10_replay_150_0170,10,150,150,1,149,148,2,154.74999999999997,2.5,152.24999999999997,128.74999999999997,26.0
c10_replay_150_0171,10,150,150,16,134,145,5,170.67000000000004,37.0,133.67000000000002,103.67000000000002,67.0
c10_replay_150_0172,10,150,150,41,109,147,3,258.5,122.5,136.0,196.75,61.75
c10_replay_150_0173,10,150,150,19,131,147,3,280.99999999999994,52.5,228.50000000000014,211.50000000000014,69.5
c10_replay_150_0174,10,150,150,104,46,138,12,422.25,311.25,111.0,215.25,207.0
c10_replay_150_0175,10,150,150,109,41,137,13,615.75,347.5,268.25,310.25,305.5
c10_replay_150_0176,10,150,150,53,97,136,14,670.3648000000001,148.5,521.8648000000001,191.5,478.8648
c10_replay_150_0177,10,150,150,53,97,139,11,717.5596000000007,145.25,572.3096000000007,186.83,530.7296
c10_replay_150_0178,10,150,150,5,145,147,3,182.88,21.5,161.38,85.13000000000002,97.75
c10_replay_150_0179,10,150,150,72,78,127,23,1154.9592,231.25,923.7092,315.75,839.2092
c10_replay_150_0180,10,150,150,6,144,150,0,196.5,12.75,183.75,196.5,0.0
c10_replay_150_0181,10,150,150,11,139,150,0,136.53,34.25,102.28,136.53,0.0
c10_replay_150_0182,10,150,150,64,86,124,26,1418.4591999999989,231.75,1186.7091999999989,204.38000000000017,1214.0792000000001
c10_replay_150_0183,10,150,150,91,59,120,30,1572.4388000000001,355.25,1217.1888000000001,286.5,1285.9388000000001
c10_replay_150_0184,10,150,150,21,129,145,5,394.05,49.5,344.54999999999995,319.55,74.5
c10_replay_150_0185,10,150,150,18,132,150,0,128.10000000000016,43.0,85.10000000000015,128.10000000000016,0.0
c10_replay_150_0186,10,150,150,7,143,149,1,152.68,40.0,112.68,135.17999999999998,17.5
c10_replay_150_0187,10,150,150,49,101,146,4,208.94999999999996,136.75,72.19999999999999,158.19999999999996,50.75
c10_replay_150_0188,10,150,150,7,143,149,1,82.88999999999999,21.75,61.13999999999998,72.88999999999997,10.0
c10_replay_150_0189,10,150,150,49,101,143,7,538.1148000000001,120.0,418.1148,266.25,271.8648
c10_replay_150_0190,10,150,150,5,145,150,0,143.5,13.25,130.25,143.5,0.0
c10_replay_150_0191,10,150,150,5,145,149,1,94.44999999999996,14.75,79.69999999999996,83.94999999999996,10.5
c10_replay_150_0192,10,150,150,61,89,144,6,521.2648,122.25,399.01479999999964,217.40000000000006,303.8648
c10_replay_150_0193,10,150,150,58,92,144,6,271.82,205.5,66.32,165.32000000000005,106.5
c10_replay_150_0194,10,150,150,15,135,147,3,256.18,43.0,213.18,180.93,75.25
c10_replay_150_0195,10,150,150,24,126,147,3,181.75000000000006,75.0,106.75000000000003,131.75,50.0
c10_replay_150_0196,10,150,150,18,132,147,3,245.25,68.0,177.25,200.25,45.0
c10_replay_150_0197,10,150,150,92,58,135,15,726.5,297.0,429.5,257.5,469.0
c10_replay_150_0198,10,150,150,26,124,142,8,280.5100000000001,64.0,216.51,140.76,139.75
c10_replay_150_0199,10,150,150,3,147,148,2,121.9299999999999,5.75,116.17999999999991,78.92999999999995,43.0
c10_replay_400_0100,10,400,400,10,390,399,1,268.69000000000005,17.0,251.69000000000042,260.1900000000003,8.5
c10_replay_400_0101,10,400,400,61,339,389,11,519.2500000000005,167.25,352.0000000000005,351.2500000000005,168.0
c10_replay_400_0102,10,400,400,104,296,374,26,1228.403999999986,396.8648,831.5392000000038,244.58000000000115,983.8240000000001
c10_replay_400_0103,10,400,400,111,289,368,32,1576.7343999999978,378.5,1198.2343999999975,465.3900000000002,1111.3444
c10_replay_400_0104,10,400,400,35,365,393,7,506.6495999999981,153.8648,352.7847999999985,253.92000000000095,252.7296
c10_replay_400_0105,10,400,400,106,294,379,21,1245.9696000000004,411.75,834.2196000000001,544.4899999999998,701.4796
c10_replay_400_0106,10,400,400,98,302,375,25,1334.829599999995,292.0,1042.8295999999982,388.6000000000004,946.2296000000001
c10_replay_400_0107,10,400,400,74,326,387,13,656.4999999999995,204.5,451.99999999999994,419.75000000000017,236.75
c10_replay_400_0108,10,400,400,16,384,394,6,348.63999999999993,54.0,294.64,261.1399999999999,87.5
c10_replay_400_0109,10,400,400,35,365,367,33,2522.0724,89.25,2432.8224,385.32999999999976,2136.7424000000005
c10_replay_400_0110,10,400,400,152,248,379,21,1054.4099999999992,452.0,602.4100000000002,714.6600000000002,339.75
c10_replay_400_0111,10,400,400,57,343,396,4,448.7500000000011,170.5,278.2499999999993,376.0000000000011,72.75
c10_replay_400_0112,10,400,400,101,299,389,11,814.8648000000003,354.75,460.11480000000023,489.2500000000002,325.6148
c10_replay_400_0113,10,400,400,77,323,375,25,1072.8648,231.25,841.6148000000001,337.5,735.3648000000001
c10_replay_400_0114,10,400,400,114,286,357,43,2683.764000000005,301.25,2382.514000000005,446.1899999999997,2237.574
c10_replay_400_0115,10,400,400,33,367,386,14,757.9048000000058,126.5,631.4048000000058,384.62999999999784,373.2748
c10_replay_400_0116,10,400,400,161,239,355,45,2039.5536000000002,430.5,1609.0536000000002,436.5,1603.0536000000002
c10_replay_400_0117,10,400,400,86,314,376,24,1682.6983999999989,351.0,1331.6983999999989,578.7800000000005,1103.9184000000002
c10_replay_400_0118,10,400,400,67,333,373,27,1507.8036000000027,172.5,1335.3036000000027,421.49999999999886,1086.3036000000002
c10_replay_400_0119,10,400,400,72,328,390,10,692.9091999999964,255.3648,437.544399999997,221.45000000000027,471.4592
c10_replay_400_0120,10,400,400,86,314,380,20,1105.4748000000004,445.0,660.4747999999996,591.3599999999998,514.1148000000001
c10_replay_400_0121,10,400,400,3,397,399,1,276.35000000000065,5.25,271.1000000000008,267.3500000000008,9.0
c10_replay_400_0122,10,400,400,85,315,391,9,520.2900000000028,193.0,327.2899999999991,313.5399999999991,206.75
c10_replay_400_0123,10,400,400,38,362,347,53,2013.1491999999996,93.67,1919.4791999999998,544.4900000000001,1468.6591999999998
c10_replay_400_0124,10,400,400,64,336,369,31,1791.3939999999889,228.75,1562.643999999989,395.06999999999783,1396.3240000000003
c10_replay_400_0125,10,400,400,52,348,391,9,600.1496000000009,123.75,476.3996000000002,294.4200000000016,305.7296
c10_replay_400_0126,10,400,400,136,264,372,28,2125.5128000000004,299.0,1826.5128000000007,601.5,1524.0128000000004
c10_replay_400_0127,10,400,400,14,386,390,10,460.3899999999985,55.0,405.38999999999874,153.8899999999999,306.5
c10_replay_400_0128,10,400,400,82,318,361,39,2418.9876000000113,245.0,2173.9876000000113,427.8599999999996,1991.1276000000005
c10_replay_400_0129,10,400,400,131,269,329,71,3961.115999999998,357.5,3603.6159999999986,452.8199999999998,3508.2959999999994
c10_replay_400_0130,10,400,400,95,305,360,40,2054.0331999999926,279.75,1774.2831999999926,420.25,1633.7832000000003
c10_replay_400_0131,10,400,400,126,274,386,14,864.8648000000002,297.25,567.6148,581.25,283.6148
c10_replay_400_0132,10,400,400,78,322,376,24,1832.2832000000008,226.5,1605.7832000000005,375.2500000000002,1457.0332000000003
c10_replay_400_0133,10,400,400,85,315,384,16,961.0096000000044,261.0,700.0096000000044,382.0300000000008,578.9796
c10_replay_400_0134,10,400,400,9,391,383,17,533.3000000000001,43.75,489.55000000000007,281.55000000000007,251.75
c10_replay_400_0135,10,400,400,221,179,370,30,1811.5743999999984,574.5,1237.0743999999981,627.7300000000006,1183.8444
c10_replay_400_0136,10,400,400,9,391,397,3,339.51,11.0,328.51,302.51000000000005,37.0
c10_replay_400_0137,10,400,400,11,389,400,0,159.52000000000032,12.75,146.77000000000015,159.52000000000032,0.0
c10_replay_400_0138,10,400,400,17,383,395,5,315.3700000000005,72.25,243.1200000000008,250.1200000000008,65.25
c10_replay_400_0139,10,400,400,19,381,398,2,294.48999999999813,70.25,224.24000000000038,264.4899999999983,30.0
c10_replay_400_0140,10,400,400,75,325,371,29,1795.2231999999888,237.5,1557.7231999999888,286.189999999999,1509.0332000000003
c10_replay_400_0141,10,400,400,186,214,391,9,768.2500000000007,409.25,359.00000000000045,649.7500000000005,118.5
c10_replay_400_0142,10,400,400,81,319,392,8,650.8647999999994,262.3648,388.4999999999993,482.7499999999993,168.1148
c10_replay_400_0143,10,400,400,124,276,381,19,1300.0944000000002,754.4796000000001,545.6148000000001,635.0,665.0944
c10_replay_400_0144,10,400,400,174,226,386,14,848.9,420.0,428.9,596.9,252.0
c10_replay_400_0145,10,400,400,104,296,376,24,1896.8176000000003,270.25,1626.5676,458.189999999999,1438.6276000000005
c10_replay_400_0146,10,400,400,151,249,374,26,1007.7299999999992,443.75,563.9799999999991,465.4799999999992,542.25
c10_replay_400_0147,10,400,400,168,232,373,27,1074.8648,406.75,668.1147999999998,457.24999999999983,617.6148000000001
c10_replay_400_0148,10,400,400,63,337,390,10,559.2148000000009,270.1148,289.0999999999998,280.85,278.3648
c10_replay_400_0149,10,400,400,48,352,390,10,725.1948,115.5,609.6948,443.58,281.6148
c10_replay_400_0150,10,400,400,15,385,398,2,278.15999999999826,22.5,255.660000000001,239.160000000001,39.0
c10_replay_400_0151,10,400,400,72,328,377,23,1188.3647999999998,402.25,786.1148000000001,468.2500000000001,720.1148000000001
c10_replay_400_0152,10,400,400,119,281,378,22,900.3647999999998,320.75,579.6148000000001,508.5000000000001,391.8648
c10_replay_400_0153,10,400,400,141,259,389,11,891.5443999999962,372.25,519.2943999999976,334.95000000000067,556.5944
c10_replay_400_0154,10,400,400,171,229,385,15,750.2499999999999,417.0,333.25,502.7499999999999,247.5
c10_replay_400_0155,10,400,400,90,310,395,5,562.6700000000001,172.25,390.4200000000001,442.1700000000001,120.5
c10_replay_400_0156,10,400,400,92,308,386,14,1067.7992,377.3648,690.4344000000003,411.3400000000001,656.4592
c10_replay_400_0157,10,400,400,46,354,392,8,447.9999999999989,92.94,355.0599999999989,306.499999999999,141.5
c10_replay_400_0158,10,400,400,69,331,389,11,1296.6279999999997,121.5,1175.1279999999995,378.7300000000009,917.8980000000001
c10_replay_400_0159,10,400,400,10,390,397,3,152.72000000000017,57.0,95.71999999999998,103.71999999999994,49.0
c10_replay_400_0160,10,400,400,26,374,400,0,285.9700000000011,44.0,241.97000000000028,285.9700000000011,0.0
c10_replay_400_0161,10,400,400,66,334,395,5,342.7847999999991,159.75,183.0348000000012,196.1700000000012,146.6148
c10_replay_400_0162,10,400,400,50,350,395,5,440.25000000000006,146.25,293.99999999999994,360.75000000000006,79.5
c10_replay_400_0163,10,400,400,137,263,382,18,995.4547999999993,506.75,488.7047999999999,550.3400000000001,445.1148
c10_replay_400_0164,10,400,400,167,233,381,19,961.0,445.75,515.25,606.75,354.25
c10_replay_400_0165,10,400,400,303,97,367,33,1477.1148,886.5,590.6148000000001,706.0,771.1148000000001
c10_replay_400_0166,10,400,400,8,392,392,8,513.7299999999994,32.5,481.22999999999945,369.22999999999985,144.5
c10_replay_400_0167,10,400,400,122,278,390,10,672.5,318.75,353.75,482.25,190.25
c10_replay_400_0168,10,400,400,7,393,396,4,362.3000000000005,38.5,323.8000000000005,293.3000000000004,69.0
c10_replay_400_0169,10,400,400,42,358,387,13,684.9796000000003,92.5,592.4796000000002,309.7499999999999,375.2296
c10_replay_400_0170,10,400,400,186,214,386,14,908.5,451.0,457.5,659.0,249.5
c10_replay_400_0171,10,400,400,39,361,380,20,1242.8791999999955,111.75,1131.1291999999955,356.66999999999894,886.2092
c10_replay_400_0172,10,400,400,209,191,368,32,1455.8647999999955,650.5,805.3648000000013,588.0000000000013,867.8648000000001
c10_replay_400_0173,10,400,400,150,250,384,16,857.0000000000045,476.0,380.9999999999989,515.000000000001,342.0
c10_replay_400_0174,10,400,400,54,346,384,16,921.3648000000001,149.25,772.1148000000001,418.5,502.8648
c10_replay_400_0175,10,400,400,60,340,385,15,913.7896000000064,168.0,745.7896000000064,345.0600000000005,568.7296
c10_replay_400_0176,10,400,400,67,333,391,9,577.7500000000001,276.0,301.7500000000001,332.25000000000017,245.5
c10_replay_400_0177,10,400,400,169,231,320,80,4412.045999999999,477.25,3934.7959999999985,708.5,3703.545999999999
c10_replay_400_0178,10,400,400,76,324,376,24,1559.9592000000002,231.5,1328.4592,631.75,928.2092
c10_replay_400_0179,10,400,400,86,314,376,24,1423.2092000000002,273.75,1149.4592000000002,433.75,989.4592000000002
c10_replay_400_0180,10,400,400,88,312,368,32,1628.1591999999898,302.25,1325.9091999999898,349.8299999999997,1278.3292000000001
c10_replay_400_0181,10,400,400,105,295,356,44,2372.878400000003,411.25,1961.628399999997,478.7100000000001,1894.1684000000002
c10_replay_400_0182,10,400,400,21,379,395,5,446.5899999999997,49.5,397.08999999999963,372.0899999999997,74.5
c10_replay_400_0183,10,400,400,57,343,392,8,634.079600000003,176.0,458.0795999999988,333.5999999999988,300.4796
c10_replay_400_0184,10,400,400,48,352,383,17,829.6148000000003,286.0,543.6148000000003,436.2500000000002,393.3648
c10_replay_400_0185,10,400,400,77,323,358,42,2582.2868000000003,220.0,2362.2868000000008,434.44999999999993,2147.836800000001
c10_replay_400_0186,10,400,400,15,385,397,3,227.45000000000033,42.25,185.20000000000022,197.45000000000024,30.0
c10_replay_400_0187,10,400,400,13,387,395,5,399.4,67.75,331.65,313.4,86.0
c10_replay_400_0188,10,400,400,72,328,394,6,688.3348000000017,142.75,545.5847999999991,384.46999999999866,303.8648
c10_replay_400_0189,10,400,400,67,333,391,9,474.5499999999993,230.0,244.55000000000013,313.0499999999999,161.5
c10_replay_400_0190,10,400,400,69,331,386,14,865.249999999999,181.0,684.2499999999993,445.4999999999995,419.75
c10_replay_400_0191,10,400,400,59,341,371,29,1753.2832000000005,163.0,1590.2832000000005,379.25,1374.0332000000003
c10_replay_400_0192,10,400,400,152,248,375,25,1397.0044000000003,545.25,851.7544,704.91,692.0944
c10_replay_400_0193,10,400,400,122,278,385,15,1010.75,344.5,666.25,541.75,469.0
c10_replay_400_0194,10,400,400,117,283,363,37,1638.0840000000003,289.0,1349.0840000000003,477.26,1160.8240000000003
c10_replay_400_0195,10,400,400,10,390,393,7,613.2644000000015,20.75,592.5144000000015,249.67000000000073,363.5944
c10_replay_400_0196,10,400,400,10,390,399,1,153.4900000000002,37.25,116.23999999999998,139.74000000000004,13.75
c10_replay_400_0197,10,400,400,136,264,373,27,1320.1147999999996,413.75,906.3647999999998,584.4999999999998,735.6148000000001
c10_replay_400_0198,10,400,400,106,294,379,21,1316.8491999999958,344.75,972.0992000000019,407.70999999999975,909.1392000000001
c10_replay_400_0199,10,400,400,82,318,374,26,1289.0192,209.0,1080.0191999999995,476.80999999999983,812.2092
c12_replay_150_0100,12,150,150,121,29,119,31,1260.7092000000002,834.5648,426.1444,297.0,963.7092
c12_replay_150_0101,12,150,150,117,33,129,21,722.9,655.15,67.75,300.90000000000003,422.0
c12_replay_150_0102,12,150,150,127,23,125,25,841.9295999999999,764.3796,77.55,280.75,561.1796
c12_replay_150_0103,12,150,150,132,18,123,27,928.3648000000001,738.3648000000001,190.0,317.2,611.1648
c12_replay_150_0104,12,150,150,148,2,125,25,929.6333000000001,904.1333000000001,25.5,272.88329999999996,656.75
c12_replay_150_0105,12,150,150,127,23,119,31,1183.2629,1091.6629,91.6,242.8333,940.4295999999999
c12_replay_150_0106,12,150,150,134,16,130,20,724.8648000000001,590.15,134.7148,314.85,410.0148
c12_replay_150_0107,12,150,150,134,16,125,25,1094.7944,939.8944000000001,154.9,279.05,815.7444
c12_replay_150_0108,12,150,150,120,30,129,21,878.7647999999999,740.6148000000001,138.15,277.59999999999997,601.1648
c12_replay_150_0109,12,150,150,126,24,124,26,779.75,663.6,116.15,276.0,503.75
c12_replay_150_0110,12,150,150,146,4,124,26,1074.6296,978.2647999999999,96.3648,351.25,723.3796
c12_replay_150_0111,12,150,150,125,25,130,20,983.1648,922.6648,60.5,265.1,718.0648000000001
c12_replay_150_0112,12,150,150,122,28,128,22,938.6148000000002,604.7,333.9148,297.5,641.1148000000001
c12_replay_150_0113,12,150,150,127,23,118,32,1159.3277000000003,791.3629000000001,367.96479999999997,266.8333,892.4943999999999
c12_replay_150_0114,12,150,150,132,18,122,28,1013.1795999999999,687.1148000000001,326.0648,318.0,695.1795999999999
c12_replay_150_0115,12,150,150,136,14,125,25,1022.0648000000001,825.7648,196.29999999999998,307.95000000000005,714.1148
c12_replay_150_0116,12,150,150,130,20,134,16,718.7148,649.7148,69.0,309.5,409.21479999999997
c12_replay_150_0117,12,150,150,131,19,138,12,534.25,515.5,18.75,228.5,305.75
c12_replay_150_0118,12,150,150,141,9,133,17,539.3166,505.9833,33.3333,286.4166,252.9
c12_replay_150_0119,12,150,150,124,26,121,29,890.8796,779.7296,111.15,248.0,642.8796
c12_replay_150_0120,12,150,150,121,29,124,26,944.5148,702.15,242.3648,273.5,671.0148
c12_replay_150_0121,12,150,150,127,23,125,25,858.1,754.85,103.25,286.5,571.6
c12_replay_150_0122,12,150,150,140,10,129,21,761.05,626.3,134.75,268.1,492.95
c12_replay_150_0123,12,150,150,129,21,132,18,861.0444,819.4444000000001,41.6,280.2,580.8444
c12_replay_150_0124,12,150,150,133,17,122,28,934.6999999999999,746.95,187.75,277.95000000000005,656.75
c12_replay_150_0125,12,150,150,132,18,125,25,854.3296,631.6148000000001,222.7148,277.6,576.7296
c12_replay_150_0126,12,150,150,125,25,126,24,853.7796,674.5147999999999,179.2648,261.95,591.8296
c12_replay_150_0127,12,150,150,125,25,134,16,791.7647999999999,647.5147999999999,144.25,298.9,492.8648
c12_replay_150_0128,12,150,150,112,38,124,26,892.5944000000001,798.3444000000001,94.25,227.0,665.5944000000001
c12_replay_150_0129,12,150,150,131,19,133,17,632.4,597.9,34.5,287.45,344.95
c12_replay_150_0130,12,150,150,133,17,123,27,861.9148,792.8648000000001,69.05,253.45,608.4648
c12_replay_150_0131,12,150,150,117,33,124,26,845.9648,692.65,153.3148,284.0,561.9648
c12_replay_150_0132,12,150,150,124,26,134,16,508.65,428.6,80.05000000000001,229.89999999999998,278.75
c12_replay_150_0133,12,150,150,134,16,117,33,1021.8148000000001,870.8148,151.0,323.25,698.5648
c12_replay_150_0134,12,150,150,124,26,141,9,421.0,390.0,31.0,275.0,146.0
c12_replay_150_0135,12,150,150,135,15,136,14,729.2148000000001,611.75,117.4648,310.3,418.91479999999996
c12_replay_150_0136,12,150,150,126,24,128,22,960.2092,791.3444,168.8648,252.75,707.4592
c12_replay_150_0137,12,150,150,135,15,126,24,803.25,768.0,35.25,318.25,485.0
c12_replay_150_0138,12,150,150,145,5,128,22,790.4796,688.6148000000001,101.8648,235.5,554.9796
c12_replay_150_0139,12,150,150,120,30,131,19,676.1833,535.45,140.73329999999999,283.2833,392.9
c12_replay_150_0140,12,150,150,135,15,126,24,758.5648,666.5648000000001,92.0,275.7,482.8648
c12_replay_150_0141,12,150,150,127,23,128,22,898.5444,586.8148,311.7296,273.25,625.2944
c12_replay_150_0142,12,150,150,126,24,117,33,1441.6740000000002,1018.0444,423.62960000000004,287.95,1153.7240000000002
c12_replay_150_0143,12,150,150,130,20,135,15,532.4,490.2,42.2,247.5,284.9
c12_replay_150_0144,12,150,150,138,12,126,24,832.75,694.75,138.0,328.6,504.15
c12_replay_150_0145,12,150,150,136,14,126,24,975.1148000000001,870.75,104.3648,297.5,677.6148000000001
c12_replay_150_0146,12,150,150,3,147,129,21,981.2296000000001,11.5,969.7296000000001,526.0,455.2296
c12_replay_150_0147,12,150,150,139,11,119,31,992.9296000000002,880.9296000000002,112.0,307.25,685.6795999999999
c12_replay_150_0148,12,150,150,124,26,134,16,658.0648000000001,599.3148,58.75,303.2,354.8648
c12_replay_150_0149,12,150,150,124,26,125,25,868.5648000000001,664.45,204.1148,247.5,621.0648
c12_replay_150_0150,12,150,150,120,30,124,26,854.8648000000001,676.2148,178.65,288.45,566.4148
c12_replay_150_0151,12,150,150,135,15,123,27,984.0795999999999,643.35,340.7296,280.05,704.0296000000001
c12_replay_150_0152,12,150,150,131,19,126,24,965.2796000000001,858.2796000000001,107.0,243.0,722.2796000000001
c12_replay_150_0153,12,150,150,133,17,124,26,867.7648,781.1648,86.6,336.3,531.4648
c12_replay_150_0154,12,150,150,136,14,126,24,857.4796000000001,703.1148000000001,154.3648,283.25,574.2296
c12_replay_150_0155,12,150,150,137,13,126,24,940.1314000000001,839.85,100.28139999999999,273.01660000000004,667.1148000000001
c12_replay_150_0156,12,150,150,134,16,130,20,738.9499999999999,658.0999999999999,80.85,311.85,427.1
c12_replay_150_0157,12,150,150,138,12,125,25,1051.8647999999998,868.3648,183.5,354.85,697.0147999999999
c12_replay_150_0158,12,150,150,141,9,121,29,993.9296000000002,888.9796000000001,104.95,316.3,677.6296
c12_replay_150_0159,12,150,150,119,31,122,28,1128.2444,641.0648000000001,487.1796,267.95,860.2944
c12_replay_150_0160,12,150,150,121,29,128,22,788.2148,567.9648,220.25,285.95,502.2648
c12_replay_150_0161,12,150,150,125,25,132,18,577.8499999999999,500.45,77.4,281.15,296.7
c12_replay_150_0162,12,150,150,135,15,135,15,663.85,522.0,141.85,211.25,452.6
c12_replay_150_0163,12,150,150,134,16,143,7,407.0,378.5,28.5,304.5,102.5
c12_replay_150_0164,12,150,150,126,24,133,17,942.0944,522.0,420.0944,291.5,650.5944
c12_replay_150_0165,12,150,150,120,30,126,24,782.15,653.45,128.7,294.45,487.7
c12_replay_150_0166,12,150,150,119,31,125,25,859.3648000000002,640.5648,218.79999999999995,344.99999999999994,514.3648
c12_replay_150_0167,12,150,150,133,17,136,14,581.8148,540.6148000000001,41.2,289.45,292.3648
c12_replay_150_0168,12,150,150,127,23,114,36,1207.9499999999998,865.3,342.65000000000003,286.85,921.0999999999999
c12_replay_150_0169,12,150,150,117,33,131,19,785.7647999999999,610.1148000000001,175.65,301.5,484.2648
c12_replay_150_0170,12,150,150,130,20,132,18,805.0796000000001,764.3796000000001,40.7,294.45,510.6296
c12_replay_150_0171,12,150,150,137,13,115,35,1310.1648000000002,1179.1648000000002,131.0,311.45,998.7148000000001
c12_replay_150_0172,12,150,150,137,13,130,20,738.9648,615.35,123.6148,326.9,412.0648
c12_replay_150_0173,12,150,150,126,24,127,23,1021.0796000000001,856.3796000000001,164.7,279.6,741.4796
c12_replay_150_0174,12,150,150,126,24,124,26,1037.7480999999998,938.2148000000001,99.5333,291.43330000000003,746.3148000000001
c12_replay_150_0175,12,150,150,130,20,138,12,527.65,489.15,38.5,284.75,242.9
c12_replay_150_0176,12,150,150,122,28,118,32,986.4629,644.5981,341.8648,271.2833,715.1795999999999
c12_replay_150_0177,12,150,150,130,20,123,27,1225.5444000000002,1085.0944000000002,140.45,320.45,905.0944000000002
c12_replay_150_0178,12,150,150,135,15,135,15,619.0,581.25,37.75,337.7,281.3
c12_replay_150_0179,12,150,150,125,25,124,26,1030.6444,840.8796,189.76479999999998,303.85,726.7944
c12_replay_150_0180,12,150,150,125,25,132,18,723.8148000000001,655.5648,68.25,309.45,414.3648
c12_replay_150_0181,12,150,150,126,24,115,35,1074.9296000000002,912.1796,162.75,247.20000000000002,827.7296
c12_replay_150_0182,12,150,150,128,22,135,15,680.4167,620.9167,59.5,329.45,350.9667
c12_replay_150_0183,12,150,150,132,18,122,28,943.3,808.75,134.55,301.0,642.3000000000001
c12_replay_150_0184,12,150,150,115,35,113,37,1162.4499999999998,785.5500000000001,376.90000000000003,272.65,889.8
c12_replay_150_0185,12,150,150,129,21,108,42,1297.3796,693.0147999999999,604.3648000000001,269.1,1028.2796
c12_replay_150_0186,12,150,150,133,17,127,23,968.5,929.0,39.5,312.5,656.0
c12_replay_150_0187,12,150,150,123,27,123,27,891.4648000000001,574.35,317.1148,290.79999999999995,600.6648
c12_replay_150_0188,12,150,150,121,29,134,16,725.1296,627.3796,97.75,286.2,438.9296
c12_replay_150_0189,12,150,150,134,16,132,18,614.15,560.65,53.5,281.65,332.5
c12_replay_150_0190,12,150,150,131,19,126,24,892.9,737.65,155.25,295.20000000000005,597.7
c12_replay_150_0191,12,150,150,134,16,121,29,1099.8796000000002,848.2148000000001,251.66479999999999,293.74999999999994,806.1296000000001
c12_replay_150_0192,12,150,150,123,27,129,21,991.1296,865.2648,125.8648,294.35,696.7796000000001
c12_replay_150_0193,12,150,150,114,36,137,13,615.25,488.5,126.75,277.0,338.25
c12_replay_150_0194,12,150,150,133,17,123,27,697.1500000000001,638.35,58.8,246.95,450.2
c12_replay_150_0195,12,150,150,136,14,128,22,811.7148000000001,740.2148000000001,71.5,328.75,482.96479999999997
c12_replay_150_0196,12,150,150,123,27,130,20,700.5,550.7,149.79999999999998,271.2,429.3
c12_replay_150_0197,12,150,150,144,6,134,16,580.25,538.4,41.85,272.6,307.65
c12_replay_150_0198,12,150,150,126,24,138,12,473.7,462.7,11.0,231.05,242.65
c12_replay_150_0199,12,150,150,145,5,128,22,893.4981,858.7481,34.75,322.75,570.7481
c12_replay_400_0060,12,400,400,333,67,320,80,2842.8703,2026.7111000000002,816.1591999999999,739.8,2103.0703000000003
c12_replay_400_0061,12,400,400,329,71,344,56,2205.9462999999996,1938.9148,267.0315,861.1167,1344.8296
c12_replay_400_0062,12,400,400,341,59,346,54,2151.0092000000004,1804.4092,346.59999999999997,767.3000000000001,1383.7092
c12_replay_400_0063,12,400,400,354,46,319,81,2842.5648,2322.6148,519.95,807.0,2035.5648
c12_replay_400_0064,12,400,400,368,32,335,65,2641.777699999999,2140.8629,500.9148,719.1833,1922.5944000000002
c12_replay_400_0065,12,400,400,336,64,341,59,2510.4757999999997,2216.7425000000003,293.7333,739.0833,1771.3925
c12_replay_400_0066,12,400,400,351,49,343,57,1996.4629000000002,1758.3148,238.1481,799.4333,1197.0296
c12_replay_400_0067,12,400,400,358,42,343,57,2312.6092,2067.7592000000004,244.85,718.45,1594.1592
c12_replay_400_0068,12,400,400,338,62,343,57,2234.2295999999997,2028.0796,206.15,770.5999999999999,1463.6296
c12_replay_400_0069,12,400,400,331,69,311,89,2752.3648,2145.9647999999997,606.4,737.35,2015.0148000000002
c12_replay_400_0070,12,400,400,377,23,331,69,2574.3943999999997,2273.0296,301.3648,819.4,1754.9944
c12_replay_400_0071,12,400,400,343,57,350,50,2265.9296000000004,2023.9296000000002,242.0,760.05,1505.8796000000002
c12_replay_400_0072,12,400,400,353,47,323,77,2813.4092,2438.7444000000005,374.6648,788.0,2025.4092000000003
c12_replay_400_0073,12,400,400,327,73,314,86,2857.9053999999996,1939.4610000000002,918.4444000000001,765.3666000000001,2092.5388000000003
c12_replay_400_0074,12,400,400,365,35,335,65,2324.6295999999998,1951.5648,373.0648,816.5,1508.1296
c12_replay_400_0075,12,400,400,354,46,337,63,2429.9091999999996,2008.4943999999998,421.41479999999996,745.6500000000001,1684.2592000000002
c12_replay_400_0076,12,400,400,349,51,337,63,2403.0923999999995,1903.3629000000003,499.72950000000003,759.6332000000001,1643.4592000000002
c12_replay_400_0077,12,400,400,325,75,346,54,1993.5592,1741.5092,252.05,725.6500000000001,1267.9092000000003
c12_replay_400_0078,12,400,400,337,63,337,63,2236.7296,1755.6648000000002,481.0648,746.25,1490.4796000000001
c12_replay_400_0079,12,400,400,346,54,342,58,2307.6296,1875.4796000000003,432.15000000000003,785.1500000000001,1522.4796000000001
c12_replay_400_0080,12,400,400,346,54,341,59,2089.5092,1916.6592,172.85,789.7,1299.8092
c12_replay_400_0081,12,400,400,349,51,328,72,3031.8016999999995,2307.0073,724.7944,700.9833000000001,2330.8184
c12_replay_400_0082,12,400,400,333,67,322,78,2875.3035999999993,1926.8444000000002,948.4592000000002,721.6,2153.7036000000003
c12_replay_400_0083,12,400,400,330,70,343,57,1849.4296,1451.7648,397.6648,703.9,1145.5295999999998
c12_replay_400_0084,12,400,400,323,77,360,40,1716.8129,1507.5628999999997,209.25,671.9833000000001,1044.8296
c12_replay_400_0085,12,400,400,275,125,355,45,1699.6443999999997,1418.7944,280.85,513.75,1185.8944000000001
c12_replay_400_0086,12,400,400,358,42,336,64,2049.4148,1878.3648,171.05,786.45,1262.9648
c12_replay_400_0087,12,400,400,329,71,341,59,2183.1944000000003,1704.7648,478.4296,843.6,1339.5944000000002
c12_replay_400_0088,12,400,400,307,93,367,33,1364.8500000000001,1163.3,201.55,586.15,778.7
c12_replay_400_0089,12,400,400,351,49,315,85,2812.0111,2461.7111,350.3,802.5667000000001,2009.4443999999999
c12_replay_400_0090,12,400,400,364,36,352,48,1944.6148,1735.4,209.2148,828.55,1116.0648
c12_replay_400_0091,12,400,400,307,93,331,69,3072.4812999999986,2039.6240000000003,1032.8573000000001,773.8333,2298.648
c12_replay_400_0092,12,400,400,360,40,341,59,1976.15,1867.25,108.9,812.4,1163.75
c12_replay_400_0093,12,400,400,369,31,336,64,2392.0092000000004,2072.9444000000003,319.0648,707.25,1684.7592000000002
c12_replay_400_0094,12,400,400,310,90,330,70,2957.7461,1756.6944000000003,1201.0517000000002,746.3833000000001,2211.3628000000003
c12_replay_400_0095,12,400,400,357,43,341,59,2250.424,1949.1740000000004,301.25,716.45,1533.9740000000004
c12_replay_400_0096,12,400,400,348,52,317,83,2862.0573999999992,2288.4611000000004,573.5963,724.3500000000001,2137.7074000000002
c12_replay_400_0097,12,400,400,349,51,334,66,2764.9888,2276.6092,488.37960000000004,709.6500000000001,2055.3388000000004
c12_replay_400_0098,12,400,400,353,47,360,40,1598.35,1516.8999999999999,81.45,703.1,895.25
c12_replay_400_0099,12,400,400,357,43,348,52,1870.1148,1495.5148000000002,374.6,689.2,1180.9148
c12_replay_400_0100,12,400,400,349,51,345,55,2629.438799999999,2259.4444,369.9944,706.3000000000002,1923.1388000000004
c12_replay_400_0101,12,400,400,182,218,345,55,2332.4944,865.7648000000002,1466.7296000000001,1158.65,1173.8444000000002
c12_replay_400_0102,12,400,400,374,26,328,72,2565.5796,2300.1296,265.45,812.1,1753.4796
c12_replay_400_0103,12,400,400,335,65,337,63,2285.1092000000003,1833.7944,451.3148,763.7,1521.4092
c12_replay_400_0104,12,400,400,342,58,337,63,2186.1296,1869.2648000000002,316.8648,713.25,1472.8796000000002
c12_replay_400_0105,12,400,400,333,67,341,59,2062.4796,1670.8796,391.59999999999997,690.65,1371.8296
c12_replay_400_0106,12,400,400,350,50,331,69,2568.8444,1926.35,642.4944,796.4,1772.4444
c12_replay_400_0107,12,400,400,353,47,348,52,2009.4444,1776.4444,233.0,721.45,1287.9944
c12_replay_400_0108,12,400,400,337,63,306,94,3143.7092,2561.8092000000006,581.9000000000001,778.9,2364.8091999999997
c12_replay_400_0109,12,400,400,349,51,337,63,2175.5462,1781.3648,394.1814,755.3666000000001,1420.1796000000002
c12_replay_400_0110,12,400,400,345,55,340,60,2211.1776000000004,1904.9296000000002,306.248,684.3832000000001,1526.7944000000002
c12_replay_400_0111,12,400,400,362,38,350,50,1883.6,1769.75,113.85,830.1,1053.5
c12_replay_400_0112,12,400,400,345,55,335,65,2382.874,1783.0444000000002,599.8296,763.55,1619.3240000000003
c12_replay_400_0113,12,400,400,320,80,333,67,2830.738799999999,1823.1944,1007.5444000000001,723.9000000000001,2106.8388000000004
c12_replay_400_0114,12,400,400,332,68,347,53,2126.1592,1713.7944000000005,412.3648,652.45,1473.7092000000002
c12_replay_400_0115,12,400,400,335,65,335,65,2248.8258,1734.2296000000003,514.5962000000001,732.4166,1516.4092000000003
c12_replay_400_0116,12,400,400,372,28,378,22,1159.15,1118.65,40.5,828.45,330.7
c12_replay_400_0117,12,400,400,347,53,346,54,2282.3740000000003,1552.7648000000002,729.6091999999999,765.45,1516.9240000000002
c12_replay_400_0118,12,400,400,326,74,321,79,2764.1924999999997,2191.1277,573.0648,813.5333,1950.6592000000003
c12_replay_400_0119,12,400,400,307,93,336,64,2292.4796,1611.1647999999998,681.3148,821.95,1470.5296
c12_replay_400_0120,12,400,400,334,66,326,74,2707.0443999999998,2011.0148,696.0296000000001,776.85,1930.1944
c12_replay_400_0121,12,400,400,327,73,363,37,1630.7796,1367.1296000000002,263.65,741.9499999999999,888.8296
c12_replay_400_0122,12,400,400,353,47,341,59,2225.1444,2074.3444,150.8,768.0999999999999,1457.0444
c12_replay_400_0123,12,400,400,357,43,333,67,2522.3444,2166.6296,355.7148,826.0,1696.3444
c12_replay_400_0124,12,400,400,311,89,347,53,2192.4296,1728.3296000000003,464.09999999999997,721.05,1471.3796000000002
c12_replay_400_0125,12,400,400,349,51,320,80,2930.5034999999993,2688.0221,242.4814,748.2666,2182.236900000001
c12_replay_400_0126,12,400,400,341,59,342,58,2305.2943999999998,1941.7796,363.51480000000004,798.6,1506.6944
c12_replay_400_0127,12,400,400,367,33,329,71,2345.0648,2151.4500000000003,193.6148,851.6,1493.4648000000002
c12_replay_400_0128,12,400,400,348,52,348,52,2075.4592000000002,1882.4592000000002,192.99999999999997,798.6,1276.8592000000003
c12_replay_400_0129,12,400,400,332,68,328,72,2720.4407,2068.5111,651.9296,814.75,1905.6907000000003
c12_replay_400_0130,12,400,400,355,45,331,69,2460.5147999999995,2166.0,294.51480000000004,751.6,1708.9148
c12_replay_400_0131,12,400,400,334,66,308,92,2906.9815,2282.6315000000004,624.3500000000001,756.5167,2150.4648000000007
c12_replay_400_0132,12,400,400,358,42,297,103,3361.4592,2437.4796,923.9796000000001,787.1,2574.3592
c12_replay_400_0133,12,400,400,332,68,357,43,2112.724,1712.2240000000002,400.5,754.1500000000001,1358.574
c12_replay_400_0134,12,400,400,368,32,356,44,1565.35,1477.1,88.25,824.8000000000001,740.55
c12_replay_400_0135,12,400,400,339,61,341,59,2499.5092000000004,2222.8092000000006,276.7,778.7,1720.8092000000004
c12_replay_400_0136,12,400,400,323,77,319,81,2978.3407,2022.0296000000003,956.3111000000001,794.8000000000001,2183.5407000000005
c12_replay_400_0137,12,400,400,358,42,329,71,2390.3795999999998,2004.2648000000004,386.1148,730.3,1660.0796000000003
c12_replay_400_0138,12,400,400,312,88,345,55,2336.7092000000002,1788.0296,548.6795999999999,761.7500000000001,1574.9592000000002
c12_replay_400_0139,12,400,400,316,84,343,57,2140.8,1544.3999999999999,596.4,751.4,1389.4
c12_replay_400_0140,12,400,400,361,39,341,59,2165.9796,2003.8296,162.15,773.0,1392.9796000000001
c12_replay_400_0141,12,400,400,379,21,358,42,1917.9944000000003,1586.6648,331.3296,747.3,1170.6944
c12_replay_400_0142,12,400,400,343,57,354,46,1594.25,1504.25,90.0,703.7500000000001,890.5
c12_replay_400_0143,12,400,400,374,26,335,65,2523.4776999999995,2176.6128999999996,346.8648,884.3500000000001,1639.1277000000002
c12_replay_400_0144,12,400,400,337,63,338,62,2178.4944,1744.8148,433.6796,720.45,1458.0444
c12_replay_400_0145,12,400,400,338,62,331,69,2550.8128999999994,2150.9796,399.8333,736.2333000000001,1814.5796000000003
c12_replay_400_0146,12,400,400,307,93,311,89,3742.692399999999,2383.5036,1359.1888000000006,739.4,3003.2924
c12_replay_400_0147,12,400,400,334,66,341,59,2158.3944,1877.1444000000001,281.25,660.65,1497.7444
c12_replay_400_0148,12,400,400,338,62,330,70,2690.7832,1749.0944000000002,941.6888000000001,741.9,1948.8832000000004
c12_replay_400_0149,12,400,400,336,64,346,54,2186.7092000000002,1731.6296000000002,455.07959999999997,787.8000000000001,1398.9092000000003
c12_replay_400_0150,12,400,400,332,68,339,61,2243.9777000000004,1655.8481000000002,588.1296,778.0833,1465.8944000000001
c12_replay_400_0151,12,400,400,336,64,323,77,2499.2795999999994,2052.3796,446.9,775.5000000000001,1723.7796
c12_replay_400_0152,12,400,400,335,65,338,62,2519.9035999999996,1910.3740000000003,609.5296000000001,804.7,1715.2036000000005
c12_replay_400_0153,12,400,400,371,29,356,44,1719.6463,1410.2815,309.3648,704.8167,1014.8296
c12_replay_400_0154,12,400,400,343,57,324,76,2665.3091999999997,2045.8796,619.4296,757.8500000000001,1907.4592000000002
c12_replay_400_0155,12,400,400,367,33,340,60,2244.6295999999998,1911.2148,333.4148,843.7000000000002,1400.9296000000002
c12_replay_400_0156,12,400,400,359,41,328,72,2356.4481,2188.3148,168.13330000000002,762.0333,1594.4148
c12_replay_400_0157,12,400,400,351,49,332,68,2396.6592000000005,1814.7296000000001,581.9295999999999,767.6,1629.0592000000001
c12_replay_400_0158,12,400,400,361,39,331,69,2763.4035999999996,2236.8536000000004,526.5500000000001,588.25,2175.1536
c12_replay_400_0159,12,400,400,321,79,338,62,2481.6720999999993,1837.1277000000002,644.5444,740.65,1741.0221000000004
