update,mean_train_return,dev_primary,dev_l0,dev_full,entropy,value_loss,seconds
0,-4.908498,507.786225,421.300700,585.816219,1.315892,2.065674,10.888
1,-3.765646,507.786225,421.300700,585.816219,1.128312,3.502750,4.081
2,-5.653647,507.786225,421.300700,585.816219,1.101374,2.488494,4.595
3,-6.808474,507.786225,421.300700,585.816219,1.002656,3.497310,4.932
4,-3.881544,507.786225,421.300700,585.816219,1.139808,1.803214,4.820
5,-2.771816,507.786225,421.300700,585.816219,1.815772,1.505736,5.380
6,-4.137441,507.786225,421.300700,585.816219,1.507344,1.840312,4.528
7,-2.429879,507.786225,421.300700,585.816219,1.084256,2.254365,4.630
8,-3.530947,507.786225,421.300700,585.816219,1.586503,1.224655,5.205
9,-1.701088,507.786225,421.300700,585.816219,1.097560,1.622567,4.825
10,-3.043066,507.786225,421.300700,585.816219,1.080048,1.185424,4.803
11,-1.185343,507.786225,421.300700,585.816219,1.436360,1.078594,4.621
12,-1.752800,507.786225,421.300700,585.816219,1.390160,0.970915,4.989
13,-2.601160,507.786225,421.300700,585.816219,1.313220,1.850350,4.734
14,-4.701582,507.786225,421.300700,585.816219,1.383149,2.026344,4.869
15,-3.131894,507.786225,421.300700,585.816219,1.399595,1.691266,5.096
16,-4.014415,507.786225,421.300700,585.816219,1.390297,0.859486,4.862
17,-2.355397,507.786225,421.300700,585.816219,1.039943,1.900403,4.464
18,-4.352634,507.786225,421.300700,585.816219,1.504156,2.650547,4.915
19,-2.387116,507.786225,421.300700,585.816219,1.399648,1.633166,4.948
20,-3.812153,453.373238,409.827088,522.847900,1.248167,1.981553,10.320
21,-2.780333,453.373238,409.827088,522.847900,1.117592,2.781416,4.337
22,-2.581038,453.373238,409.827088,522.847900,1.158537,1.845092,4.624
23,-3.661195,453.373238,409.827088,522.847900,1.174117,1.423870,4.663
24,-2.972141,453.373238,409.827088,522.847900,1.424246,1.647709,4.714
25,-4.320312,453.373238,409.827088,522.847900,1.805066,1.544073,5.400
26,-4.347185,453.373238,409.827088,522.847900,1.481362,1.513494,4.360
27,-2.108816,453.373238,409.827088,522.847900,1.602171,0.976376,5.128
28,-3.280820,453.373238,409.827088,522.847900,1.402487,4.829267,4.909
29,-2.542950,453.373238,409.827088,522.847900,1.240640,0.745033,4.888
30,-2.468745,453.373238,409.827088,522.847900,1.405430,1.935719,5.009
31,-3.142582,453.373238,409.827088,522.847900,1.203356,2.017851,4.215
32,-4.440724,453.373238,409.827088,522.847900,1.287338,2.340741,4.830
33,-2.252622,453.373238,409.827088,522.847900,1.387186,2.944324,4.548
34,-3.685408,453.373238,409.827088,522.847900,1.552744,1.349404,5.187
35,-1.725397,453.373238,409.827088,522.847900,1.247232,1.620673,4.745
36,-3.475351,453.373238,409.827088,522.847900,1.020243,2.485994,4.002
37,-5.575787,453.373238,409.827088,522.847900,1.260951,2.868040,4.879
38,-2.746874,453.373238,409.827088,522.847900,1.700791,2.726687,5.124
39,-3.188215,453.373238,409.827088,522.847900,1.402760,1.969022,4.811
40,-2.551529,457.712650,409.702088,511.552800,1.631641,1.797343,10.831
41,-3.305207,457.712650,409.702088,511.552800,1.304766,2.599661,4.822
42,-4.873662,457.712650,409.702088,511.552800,1.265460,2.591156,5.113
43,-2.626200,457.712650,409.702088,511.552800,1.105224,4.156044,4.733
44,-2.294009,457.712650,409.702088,511.552800,1.776922,1.537643,5.012
45,-3.228759,457.712650,409.702088,511.552800,1.220405,2.082837,4.903
46,-2.751625,457.712650,409.702088,511.552800,1.209767,2.002003,4.927
47,-3.175384,457.712650,409.702088,511.552800,1.509522,2.490455,4.963
48,-5.747965,457.712650,409.702088,511.552800,1.539777,1.435125,5.318
49,-2.273429,457.712650,409.702088,511.552800,1.300311,2.162455,4.565
50,-5.127827,457.712650,409.702088,511.552800,1.144549,2.188910,4.961
51,-3.507256,457.712650,409.702088,511.552800,1.491785,3.653982,5.105
52,-5.839018,457.712650,409.702088,511.552800,1.400554,1.853312,4.720
53,-2.453258,457.712650,409.702088,511.552800,1.307317,1.842689,5.130
54,-4.306747,457.712650,409.702088,511.552800,1.229084,1.693018,4.823
55,-3.317969,457.712650,409.702088,511.552800,1.828840,2.472734,5.388
56,-3.504379,457.712650,409.702088,511.552800,1.422181,1.912280,5.008
57,-1.825759,457.712650,409.702088,511.552800,1.325796,1.320892,5.073
58,-2.811826,457.712650,409.702088,511.552800,1.487165,1.548493,5.188
59,-3.559642,457.712650,409.702088,511.552800,1.268885,1.430286,4.220
60,-2.095160,435.411638,409.889588,500.221438,1.307183,0.777250,10.775
61,-1.939595,435.411638,409.889588,500.221438,1.111394,0.736290,4.682
62,-3.527469,435.411638,409.889588,500.221438,1.088179,1.476114,4.155
63,-4.259370,435.411638,409.889588,500.221438,1.641718,1.634908,5.268
64,-2.549608,435.411638,409.889588,500.221438,1.582666,1.530666,5.030
65,-6.237297,435.411638,409.889588,500.221438,1.475976,5.800188,4.955
66,-4.524554,435.411638,409.889588,500.221438,1.900888,2.397833,5.452
67,-2.887830,435.411638,409.889588,500.221438,1.567459,2.651621,4.597
68,-4.757217,435.411638,409.889588,500.221438,1.478974,2.466502,4.935
69,-5.636130,435.411638,409.889588,500.221438,1.226169,2.474630,4.590
70,-4.228674,435.411638,409.889588,500.221438,1.310793,1.506510,4.977
71,-1.857160,435.411638,409.889588,500.221438,1.371033,3.814970,4.851
72,-3.483935,435.411638,409.889588,500.221438,1.083533,1.616931,4.597
73,-2.531786,435.411638,409.889588,500.221438,1.486724,1.455454,5.051
74,-4.090146,435.411638,409.889588,500.221438,1.266421,2.214477,4.782
75,-3.218039,435.411638,409.889588,500.221438,1.107406,2.103081,4.742
76,-5.259753,435.411638,409.889588,500.221438,1.342481,1.872635,4.670
77,-4.440520,435.411638,409.889588,500.221438,1.127366,2.151962,4.802
78,-1.611801,435.411638,409.889588,500.221438,1.361279,1.984577,4.635
79,-1.982947,435.411638,409.889588,500.221438,1.300692,1.386281,4.869
80,-2.744120,460.581125,410.617713,554.853225,1.193245,1.886969,10.294
81,-3.032210,460.581125,410.617713,554.853225,1.254450,1.132373,4.757
82,-4.761772,460.581125,410.617713,554.853225,1.153557,1.694036,4.656
83,-3.325055,460.581125,410.617713,554.853225,1.263140,2.268417,4.750
84,-2.746159,460.581125,410.617713,554.853225,1.365364,2.086855,5.056
85,-3.024073,460.581125,410.617713,554.853225,1.740650,1.697934,4.905
86,-3.877552,460.581125,410.617713,554.853225,1.374213,1.433758,4.984
87,-3.565800,460.581125,410.617713,554.853225,1.577293,2.288711,5.152
88,-3.869764,460.581125,410.617713,554.853225,1.302417,1.144913,4.774
89,-1.909314,460.581125,410.617713,554.853225,1.437244,1.058256,4.972
90,-3.511585,460.581125,410.617713,554.853225,1.428252,2.414672,4.927
91,-6.214890,460.581125,410.617713,554.853225,1.149457,2.090164,4.917
92,-4.702355,460.581125,410.617713,554.853225,1.407213,1.820255,5.015
93,-3.196321,460.581125,410.617713,554.853225,1.102900,1.480968,4.754
94,-3.596150,460.581125,410.617713,554.853225,1.649114,1.112263,4.912
95,-1.712396,460.581125,410.617713,554.853225,1.361191,0.873967,4.744
96,-2.539880,460.581125,410.617713,554.853225,1.477053,0.789981,4.984
97,-2.848005,460.581125,410.617713,554.853225,1.251613,0.786073,4.786
98,-2.255345,460.581125,410.617713,554.853225,1.282798,0.443445,4.886
99,-2.877292,460.581125,410.617713,554.853225,1.326199,2.094715,4.573
100,-6.102979,452.259188,410.867713,562.687950,1.114296,2.871609,10.186
101,-4.638375,452.259188,410.867713,562.687950,1.221723,1.474471,4.609
102,-1.889367,452.259188,410.867713,562.687950,1.232056,1.180113,4.848
103,-4.228445,452.259188,410.867713,562.687950,1.285243,1.637588,4.304
104,-0.504747,452.259188,410.867713,562.687950,1.365965,0.695183,4.911
105,-1.970813,452.259188,410.867713,562.687950,1.108798,1.118402,4.669
106,-4.471140,452.259188,410.867713,562.687950,1.371467,2.186007,5.113
107,-0.578630,452.259188,410.867713,562.687950,1.515436,0.528827,4.960
108,-1.155067,452.259188,410.867713,562.687950,1.552194,0.560133,4.779
109,-1.878887,452.259188,410.867713,562.687950,1.218128,0.507059,4.890
110,-2.596682,452.259188,410.867713,562.687950,1.534749,0.905794,5.282
111,-3.703660,452.259188,410.867713,562.687950,1.386357,2.479955,4.908
112,-3.696084,452.259188,410.867713,562.687950,1.262432,0.903184,4.863
113,-2.222626,452.259188,410.867713,562.687950,1.135776,1.401697,4.363
114,-4.658000,452.259188,410.867713,562.687950,1.039124,4.757546,4.647
115,-2.096370,452.259188,410.867713,562.687950,1.037881,3.437853,4.794
116,-4.986747,452.259188,410.867713,562.687950,1.312172,2.874138,4.881
117,-4.572959,452.259188,410.867713,562.687950,1.286944,3.123350,4.993
118,-4.445902,452.259188,410.867713,562.687950,1.299714,1.899972,4.368
119,-3.839799,452.259188,410.867713,562.687950,1.227751,2.160374,4.885
120,-2.247006,433.456913,411.055213,472.974525,1.601097,0.936322,10.788
121,-1.175967,433.456913,411.055213,472.974525,1.500345,1.163774,5.175
122,-3.309587,433.456913,411.055213,472.974525,1.333543,0.977427,4.500
123,-1.847884,433.456913,411.055213,472.974525,1.390118,1.110379,4.857
124,-1.779403,433.456913,411.055213,472.974525,1.392628,1.023771,5.049
125,-5.101907,433.456913,411.055213,472.974525,1.260064,1.361512,4.656
126,-2.287457,433.456913,411.055213,472.974525,1.310968,0.550691,4.668
127,-2.244070,433.456913,411.055213,472.974525,0.986803,2.056710,4.408
128,-3.614006,433.456913,411.055213,472.974525,1.365086,1.055882,4.944
129,-2.311808,433.456913,411.055213,472.974525,1.539094,0.607341,5.026
130,-2.191835,433.456913,411.055213,472.974525,1.490685,1.493985,5.074
131,-2.932098,433.456913,411.055213,472.974525,1.514416,1.422829,4.731
132,-3.886501,433.456913,411.055213,472.974525,1.171505,1.264898,4.648
133,-4.583689,433.456913,411.055213,472.974525,1.096459,2.026660,5.072
134,-1.973504,433.456913,411.055213,472.974525,1.164405,1.316983,4.705
135,-3.365180,433.456913,411.055213,472.974525,0.988407,0.918012,4.698
136,-4.581922,433.456913,411.055213,472.974525,1.421315,1.963783,4.703
137,-2.899705,433.456913,411.055213,472.974525,1.254871,1.544080,5.003
138,-3.177724,433.456913,411.055213,472.974525,1.241524,1.939784,4.862
139,-2.757690,433.456913,411.055213,472.974525,1.316287,2.794611,4.679
140,-6.466591,434.684375,410.680213,493.606375,0.981888,4.072136,9.994
141,-3.861152,434.684375,410.680213,493.606375,1.058041,3.850170,3.929
142,-1.464729,434.684375,410.680213,493.606375,1.210833,1.375332,4.952
143,-4.568875,434.684375,410.680213,493.606375,1.207422,2.767265,4.534
144,-5.301699,434.684375,410.680213,493.606375,1.159031,2.789721,4.787
145,-2.245209,434.684375,410.680213,493.606375,1.606709,1.333968,5.125
146,-2.089829,434.684375,410.680213,493.606375,1.432222,1.652575,4.516
147,-2.852324,434.684375,410.680213,493.606375,1.534505,1.571179,5.117
148,-2.827711,434.684375,410.680213,493.606375,1.348864,0.997187,4.960
149,-1.259796,434.684375,410.680213,493.606375,1.290480,0.854052,4.810
150,-5.294438,434.684375,410.680213,493.606375,1.025444,2.356972,4.663
151,-3.276138,434.684375,410.680213,493.606375,1.199639,1.390531,4.471
152,-2.524529,434.684375,410.680213,493.606375,1.164003,1.334340,4.768
153,-2.393044,434.684375,410.680213,493.606375,1.514172,1.800030,5.195
154,-2.914358,434.684375,410.680213,493.606375,1.191750,1.183076,5.043
155,-3.562193,434.684375,410.680213,493.606375,1.345260,2.700451,4.784
156,-3.432506,434.684375,410.680213,493.606375,1.214140,2.133022,4.630
157,-3.769250,434.684375,410.680213,493.606375,1.365629,1.671374,5.006
158,-1.699876,434.684375,410.680213,493.606375,1.178126,1.157102,4.904
159,-1.227076,434.684375,410.680213,493.606375,1.604705,1.028589,4.949
160,-2.865318,426.711500,411.055213,469.104194,1.428715,1.398140,10.652
161,-2.467540,426.711500,411.055213,469.104194,0.988785,1.008145,4.667
162,-3.263707,426.711500,411.055213,469.104194,1.179323,5.195623,4.908
163,-4.807454,426.711500,411.055213,469.104194,1.243141,1.375980,4.862
164,-3.005486,426.711500,411.055213,469.104194,1.272315,1.705988,4.831
165,-4.076843,426.711500,411.055213,469.104194,1.215158,2.419564,4.305
166,-2.385794,426.711500,411.055213,469.104194,1.246762,0.652719,4.801
167,-2.047626,426.711500,411.055213,469.104194,1.275147,0.960535,4.755
168,-1.467079,426.711500,411.055213,469.104194,1.237113,0.552165,5.080
169,-3.113919,426.711500,411.055213,469.104194,1.410421,1.216784,5.055
170,-2.427496,426.711500,411.055213,469.104194,1.490610,0.883205,5.048
171,-2.082022,426.711500,411.055213,469.104194,1.178577,0.940540,4.120
172,-3.665965,426.711500,411.055213,469.104194,1.168979,1.055348,4.708
173,-1.625832,426.711500,411.055213,469.104194,1.720698,3.114593,5.325
174,-3.434241,426.711500,411.055213,469.104194,1.344231,0.876340,4.767
175,-2.279962,426.711500,411.055213,469.104194,1.198193,1.460691,4.865
176,-3.813157,426.711500,411.055213,469.104194,1.021247,1.572634,4.391
177,-1.381989,426.711500,411.055213,469.104194,1.460592,2.105967,5.056
178,-4.231017,426.711500,411.055213,469.104194,1.397630,1.555233,4.967
179,-2.619443,426.711500,411.055213,469.104194,1.373223,2.135659,4.811
180,-3.071456,442.052713,411.273963,469.392813,1.262605,1.319790,10.682
181,-4.369068,442.052713,411.273963,469.392813,1.559284,1.046394,5.138
182,-4.812267,442.052713,411.273963,469.392813,1.141321,2.623432,4.805
183,-2.151993,442.052713,411.273963,469.392813,1.122350,2.335882,4.603
184,-4.101621,442.052713,411.273963,469.392813,1.212844,1.805059,4.167
185,-2.831109,442.052713,411.273963,469.392813,1.277679,1.502099,4.887
186,-3.769336,442.052713,411.273963,469.392813,1.093046,1.778566,4.690
187,-3.842489,442.052713,411.273963,469.392813,1.254338,1.726406,4.888
188,-2.212843,442.052713,411.273963,469.392813,1.298832,1.753345,4.877
189,-3.887202,442.052713,411.273963,469.392813,1.269866,0.985791,4.543
190,-1.463416,442.052713,411.273963,469.392813,1.230507,2.744553,4.761
191,-4.038809,442.052713,411.273963,469.392813,1.311964,1.529206,4.597
192,-1.358039,442.052713,411.273963,469.392813,1.403405,1.517303,5.248
193,-3.772169,442.052713,411.273963,469.392813,1.136968,3.072260,4.465
194,-4.596341,442.052713,411.273963,469.392813,1.343493,1.125486,4.885
195,-4.216651,442.052713,411.273963,469.392813,1.516591,2.009163,5.081
196,-3.054530,442.052713,411.273963,469.392813,1.649733,1.463069,5.360
197,-2.302379,442.052713,411.273963,469.392813,1.534716,1.103699,4.930
198,-4.948145,442.052713,411.273963,469.392813,1.407202,3.262118,4.868
199,-6.850350,442.052713,411.273963,469.392813,1.552678,3.023854,4.896
200,-4.134962,424.996750,414.086463,442.736312,1.483017,1.482464,10.816
201,-3.727217,424.996750,414.086463,442.736312,0.986708,2.283975,4.158
202,-1.766088,424.996750,414.086463,442.736312,1.453256,0.944081,5.064
203,-1.938643,424.996750,414.086463,442.736312,1.312076,0.976203,4.768
204,-3.590952,424.996750,414.086463,442.736312,1.366292,2.205114,4.883
205,-2.302812,424.996750,414.086463,442.736312,1.688172,1.467224,5.116
206,-2.057128,424.996750,414.086463,442.736312,1.530197,1.367357,5.006
207,-2.810100,424.996750,414.086463,442.736312,1.251112,0.841254,4.179
208,-2.125866,424.996750,414.086463,442.736312,1.624587,1.123868,5.046
209,-4.295372,424.996750,414.086463,442.736312,1.182708,2.056934,4.883
210,-2.985621,424.996750,414.086463,442.736312,1.165212,1.519148,4.677
211,-2.325231,424.996750,414.086463,442.736312,1.370553,1.793837,4.640
212,-5.863195,424.996750,414.086463,442.736312,1.534740,3.183735,5.033
213,-2.839728,424.996750,414.086463,442.736312,1.193280,1.899023,4.521
214,-5.138285,424.996750,414.086463,442.736312,1.131083,2.279864,4.672
215,-2.638767,424.996750,414.086463,442.736312,1.227413,1.481568,4.845
216,-2.796287,424.996750,414.086463,442.736312,1.316039,1.470201,4.209
217,-2.390326,424.996750,414.086463,442.736312,1.340878,0.778891,4.913
218,-0.714458,424.996750,414.086463,442.736312,1.591301,0.751826,5.174
219,-2.803092,424.996750,414.086463,442.736312,1.079054,1.028737,4.803
220,-2.378207,468.912100,413.165275,473.511600,1.162728,0.593829,10.702
221,-1.110202,468.912100,413.165275,473.511600,1.465045,0.806103,5.105
222,-5.053640,468.912100,413.165275,473.511600,1.340754,1.758371,4.781
223,-2.941631,468.912100,413.165275,473.511600,1.163054,1.257485,4.943
224,-1.571352,468.912100,413.165275,473.511600,1.426446,1.152545,4.941
225,-3.617958,468.912100,413.165275,473.511600,1.328900,1.542264,4.565
226,-3.647109,468.912100,413.165275,473.511600,1.401487,1.584356,4.688
227,-2.195951,468.912100,413.165275,473.511600,1.251364,2.443818,4.854
228,-3.500058,468.912100,413.165275,473.511600,1.224285,2.505333,4.878
229,-2.856906,468.912100,413.165275,473.511600,1.285875,1.869285,4.520
230,-4.895539,468.912100,413.165275,473.511600,1.160491,1.678486,4.797
231,-2.548770,468.912100,413.165275,473.511600,1.071595,1.855243,4.918
232,-3.789465,468.912100,413.165275,473.511600,1.415196,1.214341,4.973
233,-2.463122,468.912100,413.165275,473.511600,1.436868,1.543142,4.975
234,-2.753510,468.912100,413.165275,473.511600,1.587847,0.561701,4.850
235,-3.256713,468.912100,413.165275,473.511600,1.269954,1.712897,4.962
236,-2.744313,468.912100,413.165275,473.511600,1.337980,0.954535,4.802
237,-2.666771,468.912100,413.165275,473.511600,1.056239,2.664469,4.833
238,-4.316972,468.912100,413.165275,473.511600,1.117251,1.720547,4.673
239,-2.232734,468.912100,413.165275,473.511600,1.430887,2.202343,4.517
240,-5.209513,480.400913,412.430213,461.492562,1.562136,1.930609,10.978
241,-2.203040,480.400913,412.430213,461.492562,1.298912,2.906216,4.767
242,-5.796205,480.400913,412.430213,461.492562,1.109823,4.047314,4.741
243,-2.660339,480.400913,412.430213,461.492562,1.053222,3.369211,4.418
244,-5.883562,480.400913,412.430213,461.492562,1.561230,2.558421,5.356
245,-3.194222,480.400913,412.430213,461.492562,1.637614,2.156052,5.274
246,-2.969448,480.400913,412.430213,461.492562,1.461985,2.068450,5.086
247,-2.663720,480.400913,412.430213,461.492562,1.123119,2.169016,4.627
248,-4.266599,480.400913,412.430213,461.492562,1.196959,1.747761,4.495
249,-3.873734,480.400913,412.430213,461.492562,1.069024,1.918121,4.943
250,-2.910121,480.400913,412.430213,461.492562,1.264183,3.123537,4.809
251,-6.728033,480.400913,412.430213,461.492562,1.324127,2.163855,4.766
252,-4.746834,480.400913,412.430213,461.492562,1.514121,3.278397,4.846
253,-3.198114,480.400913,412.430213,461.492562,1.288437,2.845960,4.515
254,-2.210377,480.400913,412.430213,461.492562,0.908318,1.142813,4.818
255,-2.633749,480.400913,412.430213,461.492562,1.416593,1.622169,4.886
256,-3.922531,480.400913,412.430213,461.492562,1.141404,2.469334,4.700
257,-3.673059,480.400913,412.430213,461.492562,1.631336,1.157333,5.444
258,-3.514382,480.400913,412.430213,461.492562,1.805703,1.184256,4.917
259,-3.593655,480.400913,412.430213,461.492562,1.312739,2.340553,4.912
260,-2.000766,506.755162,412.555213,526.026287,1.337819,0.776959,10.663
261,-3.278160,506.755162,412.555213,526.026287,1.179255,4.956663,3.830
262,-3.485951,506.755162,412.555213,526.026287,1.256703,0.931692,4.810
263,-1.350516,506.755162,412.555213,526.026287,1.179799,1.465205,4.736
264,-3.823839,506.755162,412.555213,526.026287,1.456522,1.333138,5.014
265,-3.465223,506.755162,412.555213,526.026287,1.434660,2.516013,4.726
266,-2.355529,506.755162,412.555213,526.026287,1.608914,1.884101,4.918
267,-5.969165,506.755162,412.555213,526.026287,1.442018,3.161145,5.299
268,-2.946009,506.755162,412.555213,526.026287,1.532095,1.281362,4.992
269,-1.561819,506.755162,412.555213,526.026287,1.146749,1.432155,4.695
270,-3.481123,506.755162,412.555213,526.026287,1.532321,3.601204,5.492
271,-4.406077,506.755162,412.555213,526.026287,1.231560,1.752172,4.087
272,-3.738652,506.755162,412.555213,526.026287,0.996650,1.880006,4.653
273,-2.932166,506.755162,412.555213,526.026287,1.387698,1.377782,5.364
274,-4.155404,506.755162,412.555213,526.026287,1.313732,2.388763,4.755
275,-2.981310,506.755162,412.555213,526.026287,1.297258,1.065157,4.889
276,-1.785407,506.755162,412.555213,526.026287,1.410108,1.279465,4.706
277,-6.003883,506.755162,412.555213,526.026287,1.323487,1.571303,4.915
278,-1.281896,506.755162,412.555213,526.026287,1.429525,1.340733,4.709
279,-2.035813,506.755162,412.555213,526.026287,1.474589,0.914399,5.020
280,-1.274283,482.654350,412.858963,461.950581,1.490106,0.353027,10.808
281,-1.351211,482.654350,412.858963,461.950581,1.482444,1.015093,4.806
282,-3.960953,482.654350,412.858963,461.950581,1.496859,1.268486,5.241
283,-3.292266,482.654350,412.858963,461.950581,1.607895,1.073346,5.172
284,-2.730790,482.654350,412.858963,461.950581,1.155209,1.830227,4.505
285,-3.752670,482.654350,412.858963,461.950581,1.114519,1.456736,4.516
286,-4.115577,482.654350,412.858963,461.950581,1.398228,1.798404,4.919
287,-3.126065,482.654350,412.858963,461.950581,1.082828,1.979147,4.671
288,-2.974253,482.654350,412.858963,461.950581,1.151268,0.811943,4.548
289,-1.090412,482.654350,412.858963,461.950581,1.385049,1.143892,4.586
290,-3.469976,482.654350,412.858963,461.950581,0.957597,1.556003,4.557
291,-5.905151,482.654350,412.858963,461.950581,0.884008,2.376664,4.813
292,-4.357800,482.654350,412.858963,461.950581,1.016077,2.738031,4.938
293,-2.649653,482.654350,412.858963,461.950581,1.574325,1.002943,4.882
294,-2.586735,482.654350,412.858963,461.950581,1.490001,1.211917,4.752
295,-4.209183,482.654350,412.858963,461.950581,1.285502,3.642057,4.707
296,-4.019943,482.654350,412.858963,461.950581,1.197454,2.423550,4.807
297,-1.684213,482.654350,412.858963,461.950581,1.421932,0.949142,4.907
298,-0.805379,482.654350,412.858963,461.950581,0.982556,0.569584,4.423
299,-2.640957,482.654350,412.858963,461.950581,1.171019,1.057771,4.838
300,-1.683828,471.376650,412.921463,465.831437,1.346313,0.949470,10.402
301,-4.822926,471.376650,412.921463,465.831437,1.566626,2.047400,5.036
302,-1.842085,471.376650,412.921463,465.831437,0.898916,1.049455,4.822
303,-3.526305,471.376650,412.921463,465.831437,0.938579,1.058628,4.572
304,-2.666767,471.376650,412.921463,465.831437,1.341600,0.945707,4.905
305,-2.655342,471.376650,412.921463,465.831437,1.143682,1.875942,4.900
306,-3.998882,471.376650,412.921463,465.831437,1.553619,1.623228,5.165
307,-3.741735,471.376650,412.921463,465.831437,1.182496,1.878415,4.689
308,-1.699939,471.376650,412.921463,465.831437,1.516569,0.487291,4.897
309,-3.272257,471.376650,412.921463,465.831437,1.648863,1.360584,5.349
310,-2.919704,471.376650,412.921463,465.831437,1.788256,0.625033,5.326
311,-4.971267,471.376650,412.921463,465.831437,1.524568,2.155477,4.923
312,-2.700899,471.376650,412.921463,465.831437,1.404603,1.132071,5.013
313,-3.469457,471.376650,412.921463,465.831437,1.112787,0.601496,4.284
314,-3.348636,471.376650,412.921463,465.831437,1.451753,1.804451,5.236
315,-3.383659,471.376650,412.921463,465.831437,1.312261,1.298607,4.563
316,-2.511054,471.376650,412.921463,465.831437,1.012880,0.320346,4.663
317,-1.661860,471.376650,412.921463,465.831437,1.431182,1.275988,4.985
318,-3.602853,471.376650,412.921463,465.831437,1.412608,1.400308,4.985
319,-5.193100,471.376650,412.921463,465.831437,1.068685,1.347180,4.493
320,-3.334004,469.631600,423.510638,441.005088,1.192926,2.288652,10.675
321,-4.885538,469.631600,423.510638,441.005088,1.386522,1.524838,4.604
322,-2.476548,469.631600,423.510638,441.005088,1.202810,2.007283,4.798
323,-2.149936,469.631600,423.510638,441.005088,1.226840,1.255857,4.794
324,-2.984544,469.631600,423.510638,441.005088,1.506592,2.143416,5.238
325,-3.179388,469.631600,423.510638,441.005088,1.778063,1.961763,5.262
326,-4.300246,469.631600,423.510638,441.005088,1.630711,1.875613,4.838
327,-4.091711,469.631600,423.510638,441.005088,1.522057,1.844751,5.223
328,-1.206406,469.631600,423.510638,441.005088,1.253938,2.530417,4.657
329,-3.498760,469.631600,423.510638,441.005088,1.170780,1.369652,4.632
330,-3.565450,469.631600,423.510638,441.005088,1.080794,1.471923,4.695
331,-3.808095,469.631600,423.510638,441.005088,1.149611,2.120934,4.998
332,-1.304637,469.631600,423.510638,441.005088,1.461335,0.557306,4.655
333,-2.095358,469.631600,423.510638,441.005088,1.253499,1.132757,4.901
334,-4.232307,469.631600,423.510638,441.005088,1.118768,1.162730,4.866
335,-3.270128,469.631600,423.510638,441.005088,0.982589,4.260406,4.936
336,-2.100640,469.631600,423.510638,441.005088,1.422070,0.896036,4.800
337,-1.546035,469.631600,423.510638,441.005088,1.747310,0.736974,5.270
338,-2.406067,469.631600,423.510638,441.005088,1.511518,0.807187,5.195
339,-2.372966,469.631600,423.510638,441.005088,1.132778,0.755671,4.545
340,-1.960452,423.742313,410.398963,450.254869,1.012714,0.929142,10.565
341,-3.110692,423.742313,410.398963,450.254869,1.288949,1.229101,4.834
342,-3.175777,423.742313,410.398963,450.254869,1.117849,2.773270,4.573
343,-3.146247,423.742313,410.398963,450.254869,1.237278,1.159940,4.931
344,-1.367732,423.742313,410.398963,450.254869,1.566107,1.369446,4.953
345,-3.218951,423.742313,410.398963,450.254869,1.318248,2.110616,4.314
346,-4.118444,423.742313,410.398963,450.254869,1.117872,0.662803,4.630
347,-3.296831,423.742313,410.398963,450.254869,1.130809,1.191598,4.833
348,-2.013655,423.742313,410.398963,450.254869,1.080472,0.512977,4.669
349,-1.035390,423.742313,410.398963,450.254869,1.212146,0.329304,4.648
350,-2.549744,423.742313,410.398963,450.254869,1.475719,1.623972,4.505
351,-2.917477,423.742313,410.398963,450.254869,1.267819,1.820765,4.918
352,-5.695102,423.742313,410.398963,450.254869,1.405446,1.988603,5.087
353,-3.037760,423.742313,410.398963,450.254869,1.636928,0.857680,5.240
354,-3.607856,423.742313,410.398963,450.254869,1.023778,1.922664,4.243
355,-2.519371,423.742313,410.398963,450.254869,1.239118,1.754722,4.731
356,-2.816734,423.742313,410.398963,450.254869,1.857022,1.417831,5.007
357,-3.287433,423.742313,410.398963,450.254869,1.383951,2.568249,4.757
358,-4.139643,423.742313,410.398963,450.254869,1.144547,2.124670,4.778
359,-4.084808,423.742313,410.398963,450.254869,1.269467,1.554678,4.308
360,-3.058848,481.279763,412.336950,449.839375,1.272194,2.564906,10.624
361,-3.053598,481.279763,412.336950,449.839375,1.270097,1.808382,4.721
362,-3.301158,481.279763,412.336950,449.839375,1.124468,1.309316,4.819
363,-0.644561,481.279763,412.336950,449.839375,1.513990,0.765905,4.779
364,-2.994237,481.279763,412.336950,449.839375,1.045317,0.704444,4.651
365,-3.346710,481.279763,412.336950,449.839375,1.141754,1.893912,4.759
366,-4.275868,481.279763,412.336950,449.839375,1.310428,1.752888,4.928
367,-3.415596,481.279763,412.336950,449.839375,1.142633,0.973180,4.606
368,-1.637765,481.279763,412.336950,449.839375,1.097980,0.864128,4.350
369,-3.435171,481.279763,412.336950,449.839375,1.046542,1.752719,4.750
370,-4.404981,481.279763,412.336950,449.839375,1.657144,1.135420,5.359
371,-3.646063,481.279763,412.336950,449.839375,1.273478,0.915523,4.897
372,-2.218149,481.279763,412.336950,449.839375,1.288497,1.152446,4.780
373,-1.766350,481.279763,412.336950,449.839375,1.086542,1.549407,4.173
374,-3.201430,481.279763,412.336950,449.839375,1.164018,1.378976,4.744
375,-2.398950,481.279763,412.336950,449.839375,1.240922,1.196416,4.834
376,-2.462868,481.279763,412.336950,449.839375,1.087016,0.560890,4.724
377,-3.455593,481.279763,412.336950,449.839375,1.607900,1.775629,5.155
378,-5.343853,481.279763,412.336950,449.839375,1.410014,4.826623,4.639
379,-2.278219,481.279763,412.336950,449.839375,1.389686,2.061260,4.748
380,-5.176117,428.186388,410.367713,467.590694,1.151433,2.950799,10.603
381,-3.590580,428.186388,410.367713,467.590694,1.468515,2.641248,4.984
382,-3.278241,428.186388,410.367713,467.590694,1.268914,3.586878,4.333
383,-3.737792,428.186388,410.367713,467.590694,1.511675,2.286657,5.002
384,-4.012232,428.186388,410.367713,467.590694,0.826268,2.473409,4.887
385,-3.118448,428.186388,410.367713,467.590694,1.274452,2.671451,4.993
386,-3.665276,428.186388,410.367713,467.590694,1.163992,1.972949,4.681
387,-4.110394,428.186388,410.367713,467.590694,1.299856,2.559546,4.519
388,-5.269764,428.186388,410.367713,467.590694,1.447996,3.536943,5.112
389,-4.355356,428.186388,410.367713,467.590694,1.432954,3.479406,5.038
390,-4.481175,428.186388,410.367713,467.590694,1.206398,1.340089,4.728
391,-1.424333,428.186388,410.367713,467.590694,0.964352,0.890404,4.938
392,-3.319406,428.186388,410.367713,467.590694,1.591559,1.694470,4.893
393,-6.741432,428.186388,410.367713,467.590694,1.869128,5.330511,5.502
394,-4.217556,428.186388,410.367713,467.590694,1.175294,2.515923,4.779
395,-2.922792,428.186388,410.367713,467.590694,1.271036,1.807164,4.850
396,-1.606589,428.186388,410.367713,467.590694,1.449564,1.249599,5.098
397,-5.163882,428.186388,410.367713,467.590694,1.029939,2.119003,4.332
398,-4.413530,428.186388,410.367713,467.590694,1.147267,2.215744,4.582
399,-3.180607,428.186388,410.367713,467.590694,1.203565,1.856381,4.360
400,-2.285113,422.754713,410.367713,462.995012,1.295279,0.948722,10.805
401,-1.671280,422.754713,410.367713,462.995012,1.393275,0.960114,4.201
402,-2.640335,422.754713,410.367713,462.995012,1.178345,2.015005,4.581
403,-4.045588,422.754713,410.367713,462.995012,1.252366,1.176976,4.955
404,-2.703172,422.754713,410.367713,462.995012,1.348165,1.319376,4.983
405,-2.693797,422.754713,410.367713,462.995012,1.364501,0.951653,5.073
406,-2.102813,422.754713,410.367713,462.995012,1.337168,1.294125,4.321
407,-7.132780,422.754713,410.367713,462.995012,1.380386,3.177948,4.998
408,-2.091080,422.754713,410.367713,462.995012,1.290988,1.559628,4.906
409,-2.505240,422.754713,410.367713,462.995012,1.136721,1.544637,4.624
410,-3.486471,422.754713,410.367713,462.995012,1.607103,2.027863,5.206
411,-4.250666,422.754713,410.367713,462.995012,1.677380,1.961029,4.662
412,-3.285003,422.754713,410.367713,462.995012,1.038501,2.374469,4.762
413,-2.290678,422.754713,410.367713,462.995012,1.172319,1.719426,4.579
414,-4.393297,422.754713,410.367713,462.995012,1.231899,2.370535,4.626
415,-1.790946,422.754713,410.367713,462.995012,1.133775,0.694407,4.522
416,-2.096409,422.754713,410.367713,462.995012,1.235962,0.846162,4.811
417,-3.612605,422.754713,410.367713,462.995012,1.550838,1.693874,5.068
418,-3.475853,422.754713,410.367713,462.995012,1.236457,1.336331,4.711
419,-2.109442,422.754713,410.367713,462.995012,1.447781,0.567651,4.598
420,-2.441665,435.936513,411.799213,445.984637,1.353151,0.971903,10.355
421,-1.981426,435.936513,411.799213,445.984637,1.399633,1.200418,4.651
422,-1.975717,435.936513,411.799213,445.984637,1.292660,1.225112,4.812
423,-1.490310,435.936513,411.799213,445.984637,1.155867,0.587580,4.763
424,-2.681217,435.936513,411.799213,445.984637,1.052817,1.527130,4.428
425,-3.753091,435.936513,411.799213,445.984637,1.044466,2.221776,4.689
426,-4.005793,435.936513,411.799213,445.984637,1.157792,2.588637,4.792
427,-4.577218,435.936513,411.799213,445.984637,1.182225,1.546922,4.984
428,-1.364381,435.936513,411.799213,445.984637,1.321837,1.097180,4.856
429,-2.183918,435.936513,411.799213,445.984637,1.391387,1.418893,5.029
430,-3.262995,435.936513,411.799213,445.984637,0.985438,1.560971,4.135
431,-4.447364,435.936513,411.799213,445.984637,1.327484,2.031255,5.065
432,-2.655647,435.936513,411.799213,445.984637,1.223843,0.864416,4.871
433,-1.735975,435.936513,411.799213,445.984637,1.658747,0.991824,5.160
434,-3.829639,435.936513,411.799213,445.984637,1.378326,0.678106,4.929
435,-1.366303,435.936513,411.799213,445.984637,1.238056,0.841869,4.492
436,-3.816693,435.936513,411.799213,445.984637,1.480107,1.156081,4.816
437,-1.814874,435.936513,411.799213,445.984637,1.415999,0.695226,4.889
438,-2.626393,435.936513,411.799213,445.984637,1.246454,1.315686,4.675
439,-3.988887,435.936513,411.799213,445.984637,1.378062,3.899692,4.831
440,-1.346668,422.568563,410.367713,445.545050,1.304517,1.708546,10.309
441,-2.952153,422.568563,410.367713,445.545050,1.427138,2.091232,4.926
442,-3.769195,422.568563,410.367713,445.545050,1.038551,1.441461,4.577
443,-3.609486,422.568563,410.367713,445.545050,1.265472,2.370492,4.660
444,-3.277040,422.568563,410.367713,445.545050,1.334379,3.387712,4.906
445,-3.761812,422.568563,410.367713,445.545050,1.460266,3.298233,4.951
446,-4.519884,422.568563,410.367713,445.545050,1.641023,2.268524,5.236
447,-4.596362,422.568563,410.367713,445.545050,1.110355,2.367868,4.746
448,-3.932301,422.568563,410.367713,445.545050,1.306396,1.885503,4.995
449,-3.521697,422.568563,410.367713,445.545050,1.185559,1.339351,4.700
450,-1.927639,422.568563,410.367713,445.545050,1.518260,2.058568,5.130
451,-4.827182,422.568563,410.367713,445.545050,1.092654,2.121492,4.719
452,-3.781842,422.568563,410.367713,445.545050,1.138544,1.619323,4.756
453,-3.487555,422.568563,410.367713,445.545050,1.294604,1.507487,4.710
454,-3.691736,422.568563,410.367713,445.545050,1.523865,1.275968,4.829
455,-3.606424,422.568563,410.367713,445.545050,1.248035,2.730124,4.896
456,-3.098214,422.568563,410.367713,445.545050,1.349666,1.664518,4.865
457,-3.125922,422.568563,410.367713,445.545050,1.400677,1.212557,4.891
458,-1.983170,422.568563,410.367713,445.545050,1.305180,1.291648,4.793
459,-4.188286,422.568563,410.367713,445.545050,1.275138,2.058082,4.302
460,-4.588809,420.105188,410.367713,447.655263,1.182003,4.155187,10.785
461,-7.044663,420.105188,410.367713,447.655263,1.042885,2.918957,4.635
462,-2.480356,420.105188,410.367713,447.655263,1.175370,1.682636,4.327
463,-4.616061,420.105188,410.367713,447.655263,1.503572,2.822501,5.228
464,-3.911415,420.105188,410.367713,447.655263,1.519795,3.169373,4.847
465,-4.280407,420.105188,410.367713,447.655263,1.273177,2.376027,4.950
466,-1.269831,420.105188,410.367713,447.655263,1.154396,1.205934,4.769
467,-3.498260,420.105188,410.367713,447.655263,1.140053,2.592790,4.720
468,-5.081923,420.105188,410.367713,447.655263,1.386548,3.943768,4.425
469,-3.394901,420.105188,410.367713,447.655263,1.538842,2.308080,5.118
470,-2.877905,420.105188,410.367713,447.655263,1.583569,1.770232,5.098
471,-5.023397,420.105188,410.367713,447.655263,1.271469,2.986281,4.719
472,-3.592479,420.105188,410.367713,447.655263,1.312958,2.504444,4.845
473,-2.281093,420.105188,410.367713,447.655263,1.226388,1.693031,4.421
474,-3.127378,420.105188,410.367713,447.655263,1.129916,2.820441,4.879
475,-5.130634,420.105188,410.367713,447.655263,1.012136,1.653162,4.602
476,-3.119881,420.105188,410.367713,447.655263,1.381084,0.954485,4.790
477,-0.545421,420.105188,410.367713,447.655263,0.992197,0.571028,4.440
478,-2.444434,420.105188,410.367713,447.655263,1.323216,2.211632,5.013
479,-3.132696,420.105188,410.367713,447.655263,1.085661,1.793461,4.465
480,-3.779363,422.170688,410.367713,449.438088,1.209919,1.405539,10.627
481,-1.829082,422.170688,410.367713,449.438088,1.185792,1.459264,4.623
482,-3.014382,422.170688,410.367713,449.438088,1.241827,1.111919,4.533
483,-1.823259,422.170688,410.367713,449.438088,1.311603,1.325900,4.760
484,-4.680655,422.170688,410.367713,449.438088,1.624315,1.212369,5.117
485,-3.619506,422.170688,410.367713,449.438088,1.442870,1.374225,4.590
486,-2.468541,422.170688,410.367713,449.438088,1.222907,0.975570,4.816
487,-2.130192,422.170688,410.367713,449.438088,1.347390,1.059869,4.941
488,-2.571802,422.170688,410.367713,449.438088,1.205631,0.953904,4.691
489,-1.931839,422.170688,410.367713,449.438088,1.426691,2.253170,4.871
490,-5.330537,422.170688,410.367713,449.438088,1.222612,1.913107,4.675
491,-3.569026,422.170688,410.367713,449.438088,1.279199,1.869025,4.839
492,-3.769930,422.170688,410.367713,449.438088,1.127255,2.010157,4.462
493,-2.034595,422.170688,410.367713,449.438088,1.421251,0.910975,4.936
494,-2.207714,422.170688,410.367713,449.438088,1.358668,0.875712,4.874
495,-3.507584,422.170688,410.367713,449.438088,1.036435,1.868925,4.763
496,-3.050993,422.170688,410.367713,449.438088,1.210464,1.406019,4.663
497,-3.443654,422.170688,410.367713,449.438088,1.546178,1.960736,5.077
498,-2.730127,422.170688,410.367713,449.438088,1.243937,1.073134,4.684
499,-1.291546,422.170688,410.367713,449.438088,1.546971,0.897858,4.935
500,-2.266430,448.323313,412.336950,447.929012,1.305009,0.943391,9.864
501,-2.409788,448.323313,412.336950,447.929012,1.474325,1.095123,4.902
502,-3.227081,448.323313,412.336950,447.929012,1.277441,1.333387,4.559
503,-5.593397,448.323313,412.336950,447.929012,1.431524,2.833663,4.649
504,-2.696059,448.323313,412.336950,447.929012,1.274738,1.632170,4.499
505,-2.667489,448.323313,412.336950,447.929012,1.281176,0.785956,4.809
506,-2.084559,448.323313,412.336950,447.929012,1.225386,0.332257,4.870
507,-2.877711,448.323313,412.336950,447.929012,1.117481,1.553670,4.744
508,-2.790456,448.323313,412.336950,447.929012,1.314054,0.643615,4.742
509,-2.166519,448.323313,412.336950,447.929012,1.406004,0.583128,4.476
510,-2.193830,448.323313,412.336950,447.929012,1.319919,1.240904,4.930
511,-4.713862,448.323313,412.336950,447.929012,1.301534,1.706790,4.972
512,-2.241255,448.323313,412.336950,447.929012,1.385020,1.363747,5.010
513,-4.130583,448.323313,412.336950,447.929012,1.319860,1.752028,4.825
514,-2.553067,448.323313,412.336950,447.929012,1.333127,1.085894,4.493
515,-2.378634,448.323313,412.336950,447.929012,1.269415,1.135234,4.777
516,-2.660518,448.323313,412.336950,447.929012,1.218699,1.277091,4.773
517,-1.911190,448.323313,412.336950,447.929012,1.592583,1.501506,4.803
518,-2.750275,448.323313,412.336950,447.929012,1.262623,1.171579,4.882
519,-2.925926,448.323313,412.336950,447.929012,1.531550,1.678152,4.590
520,-2.169837,444.659138,412.315150,455.217812,1.434617,0.920394,10.855
521,-3.197475,444.659138,412.315150,455.217812,1.397199,1.844770,4.921
522,-2.232074,444.659138,412.315150,455.217812,1.411204,0.743853,4.477
523,-2.286233,444.659138,412.315150,455.217812,1.677089,1.567763,5.189
524,-2.340390,444.659138,412.315150,455.217812,1.641513,1.557954,5.191
525,-5.593597,444.659138,412.315150,455.217812,1.244751,4.051201,4.713
526,-4.515791,444.659138,412.315150,455.217812,1.083191,3.255105,4.832
527,-1.819707,444.659138,412.315150,455.217812,1.376020,1.497722,4.777
528,-4.861968,444.659138,412.315150,455.217812,1.259652,4.283654,5.034
529,-4.204110,444.659138,412.315150,455.217812,1.017250,4.176984,4.659
530,-5.842224,444.659138,412.315150,455.217812,1.131869,2.957665,4.640
531,-4.283168,444.659138,412.315150,455.217812,1.523584,3.112188,5.108
532,-4.923065,444.659138,412.315150,455.217812,1.519076,3.014493,4.652
533,-3.564713,444.659138,412.315150,455.217812,1.335305,2.189368,4.924
534,-1.845612,444.659138,412.315150,455.217812,1.154300,2.299472,4.841
535,-3.904378,444.659138,412.315150,455.217812,1.318166,0.805432,4.728
536,-1.311593,444.659138,412.315150,455.217812,1.490198,0.863618,5.018
537,-2.224509,444.659138,412.315150,455.217812,1.307895,1.693093,4.522
538,-3.117517,444.659138,412.315150,455.217812,1.613818,1.582888,5.284
539,-1.656558,444.659138,412.315150,455.217812,1.564116,0.704073,4.967
540,-2.109983,440.303038,412.808663,458.494262,1.364218,1.560016,10.599
541,-2.888276,440.303038,412.808663,458.494262,1.542444,0.928454,4.935
542,-3.735636,440.303038,412.808663,458.494262,1.211788,2.131830,4.456
543,-6.980648,440.303038,412.808663,458.494262,1.050497,2.279060,4.592
544,-2.487069,440.303038,412.808663,458.494262,1.198801,1.019872,4.901
545,-3.261465,440.303038,412.808663,458.494262,1.479454,2.510288,4.753
546,-3.738221,440.303038,412.808663,458.494262,1.326141,0.364465,4.775
547,-1.453198,440.303038,412.808663,458.494262,1.066711,0.955530,4.848
548,-5.259009,440.303038,412.808663,458.494262,1.248664,2.031614,4.746
549,-2.918520,440.303038,412.808663,458.494262,1.261346,1.887507,4.816
550,-1.613113,440.303038,412.808663,458.494262,1.103728,0.545145,4.242
551,-4.068516,440.303038,412.808663,458.494262,0.959633,2.559616,4.935
552,-3.944044,440.303038,412.808663,458.494262,1.470840,1.569837,4.889
553,-2.678627,440.303038,412.808663,458.494262,1.178541,2.656103,4.728
554,-3.251067,440.303038,412.808663,458.494262,1.439696,1.656038,4.962
555,-2.057500,440.303038,412.808663,458.494262,1.264161,1.235913,4.599
556,-2.584101,440.303038,412.808663,458.494262,1.507729,1.078056,5.060
557,-4.100403,440.303038,412.808663,458.494262,1.503359,1.415632,4.879
558,-1.037650,440.303038,412.808663,458.494262,1.113892,0.837595,4.688
559,-1.805473,440.303038,412.808663,458.494262,1.227214,0.743682,3.966
560,-4.488078,440.510113,412.402413,445.657937,1.388697,1.229651,10.630
561,-2.174880,440.510113,412.402413,445.657937,1.691845,1.260598,4.994
562,-5.177449,440.510113,412.402413,445.657937,1.388186,3.740171,4.877
563,-3.021781,440.510113,412.402413,445.657937,1.546122,1.422183,5.003
564,-1.921195,440.510113,412.402413,445.657937,1.432942,2.364962,5.050
565,-5.400049,440.510113,412.402413,445.657937,1.496970,2.181020,4.943
566,-3.321313,440.510113,412.402413,445.657937,1.132929,2.440299,4.691
567,-3.117141,440.510113,412.402413,445.657937,1.138051,1.186229,4.124
568,-3.510418,440.510113,412.402413,445.657937,1.375039,1.520152,5.077
569,-2.785471,440.510113,412.402413,445.657937,1.541745,0.824338,5.027
570,-2.231578,440.510113,412.402413,445.657937,1.343875,1.095042,4.850
571,-3.370980,440.510113,412.402413,445.657937,1.516822,1.552276,5.008
572,-2.693890,440.510113,412.402413,445.657937,1.474232,0.971776,4.584
573,-2.836726,440.510113,412.402413,445.657937,1.157267,1.220269,4.672
574,-2.699755,440.510113,412.402413,445.657937,1.271247,0.864463,4.583
575,-2.894989,440.510113,412.402413,445.657937,1.394857,1.009306,5.022
576,-2.303357,440.510113,412.402413,445.657937,1.687691,1.098725,5.435
577,-3.315052,440.510113,412.402413,445.657937,1.638619,1.510907,4.736
578,-2.788457,440.510113,412.402413,445.657937,1.546232,1.266747,5.221
579,-3.390271,440.510113,412.402413,445.657937,1.465227,2.568973,4.673
580,-3.815817,434.688238,412.402413,466.060387,1.324272,1.376308,10.824
581,-2.166613,434.688238,412.402413,466.060387,1.141628,1.663736,4.617
582,-3.247206,434.688238,412.402413,466.060387,1.226253,0.792786,4.709
583,-2.566787,434.688238,412.402413,466.060387,1.275249,1.366801,4.637
584,-1.687890,434.688238,412.402413,466.060387,1.427325,1.034302,5.013
585,-4.862858,434.688238,412.402413,466.060387,1.368836,2.186253,4.583
586,-4.267659,434.688238,412.402413,466.060387,1.241097,1.079205,4.844
587,-2.290694,434.688238,412.402413,466.060387,0.976083,1.392447,4.829
588,-3.563235,434.688238,412.402413,466.060387,1.247909,2.590552,4.819
589,-3.445981,434.688238,412.402413,466.060387,1.353558,1.364988,4.877
590,-2.534237,434.688238,412.402413,466.060387,1.543483,1.115266,4.660
591,-1.931545,434.688238,412.402413,466.060387,1.278102,1.147448,4.796
592,-3.513784,434.688238,412.402413,466.060387,1.562123,1.754305,5.190
593,-3.317271,434.688238,412.402413,466.060387,1.279199,1.310827,4.701
594,-2.169288,434.688238,412.402413,466.060387,1.333564,1.229378,4.750
595,-4.350158,434.688238,412.402413,466.060387,1.348795,1.479341,4.898
596,-4.789712,434.688238,412.402413,466.060387,1.292041,4.855187,4.742
597,-3.196195,434.688238,412.402413,466.060387,1.392831,1.322958,5.126
598,-4.544561,434.688238,412.402413,466.060387,1.300083,3.630639,4.880
599,-3.610901,434.688238,412.402413,466.060387,1.590524,1.679310,4.959
600,-2.715322,454.634437,411.336463,457.983137,1.143324,1.754001,10.628
601,-1.951134,454.634437,411.336463,457.983137,1.264133,1.127526,4.621
602,-1.049054,454.634437,411.336463,457.983137,1.666000,0.590719,5.143
603,-1.916720,454.634437,411.336463,457.983137,1.495178,1.062911,5.014
604,-2.736883,454.634437,411.336463,457.983137,1.439498,0.976830,4.613
605,-2.835350,454.634437,411.336463,457.983137,1.349180,1.404152,4.887
606,-2.349071,454.634437,411.336463,457.983137,1.321979,1.041259,4.883
607,-1.296390,454.634437,411.336463,457.983137,1.241967,0.715191,4.853
608,-2.175209,454.634437,411.336463,457.983137,1.379180,1.417034,4.926
609,-3.559098,454.634437,411.336463,457.983137,1.138435,0.770202,4.897
610,-2.345397,454.634437,411.336463,457.983137,1.467868,1.366017,4.718
611,-5.406057,454.634437,411.336463,457.983137,1.408118,2.191963,4.784
612,-3.496350,454.634437,411.336463,457.983137,1.149786,0.663563,4.858
613,-1.815688,454.634437,411.336463,457.983137,1.165408,1.078654,4.669
614,-4.612575,454.634437,411.336463,457.983137,1.274065,1.908426,4.986
615,-2.664640,454.634437,411.336463,457.983137,1.256567,1.159085,4.512
616,-5.156819,454.634437,411.336463,457.983137,1.388075,3.502554,5.021
617,-2.771735,454.634437,411.336463,457.983137,1.654437,2.421613,5.296
618,-4.577755,454.634437,411.336463,457.983137,1.395913,1.446377,4.944
619,-3.004597,454.634437,411.336463,457.983137,1.566752,1.264942,5.206
620,-2.969926,453.538137,411.603813,461.838175,1.333966,0.818250,10.428
621,-3.129566,453.538137,411.603813,461.838175,1.153140,1.674832,4.867
622,-2.964100,453.538137,411.603813,461.838175,1.489030,1.556677,4.612
623,-1.411142,453.538137,411.603813,461.838175,1.404783,0.713587,4.836
624,-2.525771,453.538137,411.603813,461.838175,1.339280,1.246065,4.323
625,-4.920969,453.538137,411.603813,461.838175,1.308604,1.825236,4.885
626,-1.748281,453.538137,411.603813,461.838175,1.206123,1.066723,4.767
627,-1.827698,453.538137,411.603813,461.838175,1.507630,0.654177,5.117
628,-2.703291,453.538137,411.603813,461.838175,1.421964,1.387789,4.912
629,-3.195472,453.538137,411.603813,461.838175,1.217121,1.204795,4.634
630,-2.289860,453.538137,411.603813,461.838175,1.474673,1.048957,4.794
631,-1.658282,453.538137,411.603813,461.838175,1.484624,0.575810,4.953
632,-3.736114,453.538137,411.603813,461.838175,1.016717,1.565726,4.698
633,-3.295103,453.538137,411.603813,461.838175,1.152999,0.790817,4.711
634,-1.811231,453.538137,411.603813,461.838175,1.364283,0.980454,4.409
635,-2.590932,453.538137,411.603813,461.838175,0.993355,1.337754,4.759
636,-3.559856,453.538137,411.603813,461.838175,1.087700,0.840184,4.706
637,-3.759117,453.538137,411.603813,461.838175,1.379640,2.082322,5.019
638,-2.955198,453.538137,411.603813,461.838175,1.143449,2.027843,4.371
639,-4.351926,453.538137,411.603813,461.838175,1.277180,2.064025,3.997
640,-4.350704,459.408563,411.967950,458.238763,1.595052,1.944812,10.885
641,-2.791131,459.408563,411.967950,458.238763,1.709263,2.213836,5.193
642,-3.291621,459.408563,411.967950,458.238763,1.458886,1.330234,5.076
643,-4.070845,459.408563,411.967950,458.238763,1.311680,2.098380,4.506
644,-2.980099,459.408563,411.967950,458.238763,1.215532,1.933474,4.606
645,-4.061003,459.408563,411.967950,458.238763,1.348126,2.248657,4.938
646,-4.259160,459.408563,411.967950,458.238763,1.296657,1.915524,4.888
647,-2.986012,459.408563,411.967950,458.238763,1.248013,1.627818,4.743
648,-2.678327,459.408563,411.967950,458.238763,1.237994,1.492570,4.514
649,-2.522158,459.408563,411.967950,458.238763,1.174823,0.843629,4.692
650,-1.269519,459.408563,411.967950,458.238763,1.420037,1.001156,5.115
651,-2.004128,459.408563,411.967950,458.238763,1.806415,0.977601,5.182
652,-2.980672,459.408563,411.967950,458.238763,1.324152,0.702041,4.787
653,-2.498117,459.408563,411.967950,458.238763,1.270570,1.710470,4.817
654,-2.445368,459.408563,411.967950,458.238763,1.261022,0.901686,4.793
655,-2.065666,459.408563,411.967950,458.238763,1.239047,1.161761,4.759
656,-3.528291,459.408563,411.967950,458.238763,1.350212,2.168362,4.687
657,-2.219558,459.408563,411.967950,458.238763,1.735483,1.326724,4.753
658,-4.734334,459.408563,411.967950,458.238763,1.300149,2.650940,4.738
659,-2.995078,459.408563,411.967950,458.238763,1.089415,1.336464,4.826
660,-3.440955,446.246863,410.680213,511.388575,1.525165,1.562952,10.879
661,-3.180952,446.246863,410.680213,511.388575,1.712195,1.171154,4.675
662,-1.156371,446.246863,410.680213,511.388575,1.607178,1.283321,4.819
663,-2.597004,446.246863,410.680213,511.388575,1.729462,0.763291,5.231
664,-2.115193,446.246863,410.680213,511.388575,1.252396,1.220032,4.674
665,-5.336953,446.246863,410.680213,511.388575,1.296324,2.239305,5.090
666,-2.838628,446.246863,410.680213,511.388575,1.243706,0.780488,4.634
667,-2.256417,446.246863,410.680213,511.388575,1.280412,0.916200,4.900
668,-3.210883,446.246863,410.680213,511.388575,1.367209,0.764317,5.099
669,-2.411052,446.246863,410.680213,511.388575,1.336672,0.887915,4.806
670,-1.583889,446.246863,410.680213,511.388575,1.210679,0.657763,4.713
671,-3.499618,446.246863,410.680213,511.388575,1.079707,1.256359,4.336
672,-2.415162,446.246863,410.680213,511.388575,1.234369,0.738714,4.433
673,-3.236146,446.246863,410.680213,511.388575,1.234201,1.467782,4.772
674,-3.049639,446.246863,410.680213,511.388575,1.529045,1.238551,5.082
675,-2.421783,446.246863,410.680213,511.388575,1.336072,0.736125,5.008
676,-2.432685,446.246863,410.680213,511.388575,1.399868,0.807137,4.876
677,-2.637274,446.246863,410.680213,511.388575,1.324371,0.773795,4.667
678,-3.659263,446.246863,410.680213,511.388575,1.277733,1.257554,4.565
679,-2.996123,446.246863,410.680213,511.388575,1.169905,0.991469,4.679
680,-2.158916,420.768263,410.523963,463.956813,1.259547,0.531848,10.596
681,-1.958693,420.768263,410.523963,463.956813,1.217718,0.826679,4.728
682,-2.176508,420.768263,410.523963,463.956813,0.996405,1.152148,4.433
683,-2.225144,420.768263,410.523963,463.956813,1.286136,1.045541,4.659
684,-3.827803,420.768263,410.523963,463.956813,1.330467,1.845531,4.818
685,-3.084767,420.768263,410.523963,463.956813,1.183342,0.679899,4.917
686,-2.865308,420.768263,410.523963,463.956813,1.579904,1.734847,4.699
687,-2.975720,420.768263,410.523963,463.956813,1.328837,1.781728,4.892
688,-2.875755,420.768263,410.523963,463.956813,1.348637,2.021514,5.003
689,-2.904132,420.768263,410.523963,463.956813,1.213991,1.232390,4.763
690,-3.543726,420.768263,410.523963,463.956813,1.613194,1.513290,4.588
691,-1.933334,420.768263,410.523963,463.956813,1.751009,0.925034,5.375
692,-2.989245,420.768263,410.523963,463.956813,1.475447,1.040130,4.882
693,-1.497197,420.768263,410.523963,463.956813,1.276222,1.078368,4.887
694,-4.175678,420.768263,410.523963,463.956813,1.128933,1.424689,4.520
695,-2.457164,420.768263,410.523963,463.956813,1.421010,1.692578,4.968
696,-2.772500,420.768263,410.523963,463.956813,1.345324,0.686322,4.688
697,-1.653552,420.768263,410.523963,463.956813,1.345340,3.787182,4.999
698,-4.797679,420.768263,410.523963,463.956813,1.120279,1.235924,4.455
699,-3.850404,420.768263,410.523963,463.956813,0.838629,2.451388,4.755
700,-2.150637,429.745038,410.967950,471.599925,1.234840,0.516341,10.719
701,-2.300078,429.745038,410.967950,471.599925,1.026594,0.798177,4.792
702,-2.545616,429.745038,410.967950,471.599925,1.908317,1.048978,5.223
703,-3.432195,429.745038,410.967950,471.599925,1.028005,2.372844,4.517
704,-4.254366,429.745038,410.967950,471.599925,1.367973,3.976258,4.766
705,-3.994389,429.745038,410.967950,471.599925,1.237269,1.624003,4.627
706,-2.660135,429.745038,410.967950,471.599925,1.067021,0.969353,4.604
707,-2.902542,429.745038,410.967950,471.599925,1.492581,1.641736,4.888
708,-1.883842,429.745038,410.967950,471.599925,1.193787,1.452116,4.805
709,-4.448455,429.745038,410.967950,471.599925,1.382112,1.716125,4.857
710,-2.979312,429.745038,410.967950,471.599925,1.572729,0.673966,4.836
711,-1.350559,429.745038,410.967950,471.599925,1.491054,0.963702,5.027
712,-4.656715,429.745038,410.967950,471.599925,1.837655,2.092797,5.347
713,-3.679165,429.745038,410.967950,471.599925,1.439591,1.371712,5.124
714,-4.174936,429.745038,410.967950,471.599925,1.404323,2.050920,4.820
715,-1.894041,429.745038,410.967950,471.599925,1.343194,1.039967,4.576
716,-3.010894,429.745038,410.967950,471.599925,1.305511,1.966262,4.839
717,-4.555136,429.745038,410.967950,471.599925,1.579844,1.086558,5.172
718,-1.948269,429.745038,410.967950,471.599925,1.636995,0.754450,4.834
719,-2.297160,429.745038,410.967950,471.599925,1.405237,1.105062,4.736
720,-3.280034,437.495187,412.055213,451.575012,1.649712,0.918566,10.703
721,-2.022743,437.495187,412.055213,451.575012,1.305481,1.127206,4.823
722,-2.959839,437.495187,412.055213,451.575012,1.344624,1.250268,4.880
723,-1.564529,437.495187,412.055213,451.575012,1.413519,1.051067,4.710
724,-4.525954,437.495187,412.055213,451.575012,1.578337,1.609816,4.960
725,-2.336755,437.495187,412.055213,451.575012,1.633148,0.681950,5.226
726,-1.479007,437.495187,412.055213,451.575012,1.394637,1.295529,4.958
727,-2.954311,437.495187,412.055213,451.575012,1.112697,1.405227,4.835
728,-2.592727,437.495187,412.055213,451.575012,1.272459,1.087617,5.000
729,-1.426224,437.495187,412.055213,451.575012,1.136335,0.847905,4.163
730,-2.698886,437.495187,412.055213,451.575012,1.022047,1.016265,4.985
731,-3.325804,437.495187,412.055213,451.575012,1.357910,2.198217,4.793
732,-2.591411,437.495187,412.055213,451.575012,1.377983,0.835584,4.913
733,-4.476159,437.495187,412.055213,451.575012,1.112838,2.073984,4.762
734,-3.664128,437.495187,412.055213,451.575012,1.340956,1.078862,4.789
735,-3.947849,437.495187,412.055213,451.575012,1.086439,2.151956,4.665
736,-3.605293,437.495187,412.055213,451.575012,0.984497,2.091304,4.869
737,-2.533901,437.495187,412.055213,451.575012,1.134006,0.921261,4.334
738,-2.373484,437.495187,412.055213,451.575012,1.584671,0.648605,4.867
739,-3.333320,437.495187,412.055213,451.575012,1.510150,1.539846,5.231
740,-2.861187,425.601488,410.680213,452.832087,1.457224,1.422992,11.077
741,-4.170153,425.601488,410.680213,452.832087,1.333242,2.948227,4.957
742,-4.916380,425.601488,410.680213,452.832087,1.179255,2.357115,3.899
743,-3.532256,425.601488,410.680213,452.832087,1.438891,1.418204,4.891
744,-2.174209,425.601488,410.680213,452.832087,1.065897,1.229557,4.591
745,-2.208428,425.601488,410.680213,452.832087,0.954352,1.040962,4.955
746,-1.844368,425.601488,410.680213,452.832087,1.476249,0.893378,5.069
747,-1.975814,425.601488,410.680213,452.832087,1.174516,0.911084,4.529
748,-5.398408,425.601488,410.680213,452.832087,1.391583,2.546263,4.766
749,-3.197746,425.601488,410.680213,452.832087,1.329142,1.513407,4.893
750,-3.842920,425.601488,410.680213,452.832087,1.296636,2.812478,4.854
751,-4.256325,425.601488,410.680213,452.832087,1.436059,1.687896,4.937
752,-2.841345,425.601488,410.680213,452.832087,1.481158,1.216571,4.613
753,-3.749385,425.601488,410.680213,452.832087,1.293951,1.729902,2.102
754,-3.579803,425.601488,410.680213,452.832087,1.065043,1.170605,1.562
755,-3.856777,425.601488,410.680213,452.832087,1.424442,1.896464,1.718
756,-3.816478,425.601488,410.680213,452.832087,1.638327,1.652947,1.879
757,-1.940521,425.601488,410.680213,452.832087,1.396160,1.245598,1.611
758,-3.572105,425.601488,410.680213,452.832087,0.978531,2.480563,1.277
759,-4.100427,425.601488,410.680213,452.832087,1.137444,1.250722,1.316
760,-2.901351,421.337038,410.867713,458.563713,1.536634,2.660313,7.717
761,-6.939939,421.337038,410.867713,458.563713,1.232399,2.483723,1.578
762,-1.791643,421.337038,410.867713,458.563713,1.404351,1.150145,1.570
763,-4.299782,421.337038,410.867713,458.563713,1.522266,2.378266,2.496
764,-2.464950,421.337038,410.867713,458.563713,1.344840,1.235920,4.985
765,-3.154764,421.337038,410.867713,458.563713,1.481454,1.242035,5.002
766,-3.607211,421.337038,410.867713,458.563713,1.187392,1.616183,4.938
767,-4.151622,421.337038,410.867713,458.563713,1.255349,2.367070,4.665
768,-4.348267,421.337038,410.867713,458.563713,1.274491,1.156385,4.414
769,-0.577826,421.337038,410.867713,458.563713,1.223188,0.455193,4.508
770,-2.087327,421.337038,410.867713,458.563713,1.798551,1.022452,5.297
771,-2.855415,421.337038,410.867713,458.563713,1.068828,1.795844,4.681
772,-4.574541,421.337038,410.867713,458.563713,1.134824,1.603929,4.539
773,-3.243240,421.337038,410.867713,458.563713,1.594315,1.604742,4.797
774,-2.803562,421.337038,410.867713,458.563713,1.537578,0.934614,4.984
775,-3.798721,421.337038,410.867713,458.563713,1.209986,1.655552,4.907
776,-1.893712,421.337038,410.867713,458.563713,1.384119,0.839553,4.759
777,-2.177515,421.337038,410.867713,458.563713,1.399358,1.750922,4.827
778,-3.302259,421.337038,410.867713,458.563713,1.310942,0.971735,4.287
779,-2.576964,421.337038,410.867713,458.563713,1.420416,1.397039,5.067
780,-2.965271,423.820013,409.684388,448.671562,1.417423,1.190416,10.748
781,-3.973640,423.820013,409.684388,448.671562,1.375897,1.974293,5.164
782,-2.936204,423.820013,409.684388,448.671562,1.558958,1.141291,4.427
783,-3.771116,423.820013,409.684388,448.671562,1.331429,1.534081,4.563
784,-2.894512,423.820013,409.684388,448.671562,1.279992,1.582731,4.630
785,-3.886650,423.820013,409.684388,448.671562,1.622054,1.145785,5.254
786,-0.867440,423.820013,409.684388,448.671562,1.328462,0.930333,4.979
787,-2.555313,423.820013,409.684388,448.671562,1.090589,0.921907,4.556
788,-2.883570,423.820013,409.684388,448.671562,1.228425,1.364057,4.686
789,-1.752637,423.820013,409.684388,448.671562,1.342917,0.409435,4.843
790,-0.966476,423.820013,409.684388,448.671562,1.578326,0.285316,5.113
791,-1.994633,423.820013,409.684388,448.671562,1.356592,0.889463,4.763
792,-5.341050,423.820013,409.684388,448.671562,1.534063,2.546926,4.761
793,-5.240150,423.820013,409.684388,448.671562,1.931444,1.048063,5.410
794,-2.000634,423.820013,409.684388,448.671562,1.480815,1.690384,5.190
795,-2.603574,423.820013,409.684388,448.671562,1.628458,0.901066,5.296
796,-2.523510,423.820013,409.684388,448.671562,1.387011,1.270887,4.769
797,-3.941499,423.820013,409.684388,448.671562,1.427139,2.521670,4.696
798,-4.859797,423.820013,409.684388,448.671562,0.946230,1.557124,4.504
799,-3.873563,423.820013,409.684388,448.671562,1.286685,2.838274,4.736
800,-4.106507,417.342888,412.034388,452.430588,1.290339,1.509747,11.019
801,-3.228806,417.342888,412.034388,452.430588,1.437855,1.715086,4.749
802,-5.075085,417.342888,412.034388,452.430588,1.185752,3.173622,4.806
803,-2.629207,417.342888,412.034388,452.430588,1.105600,2.400125,4.584
804,-3.557793,417.342888,412.034388,452.430588,1.410918,1.980510,4.750
805,-3.907735,417.342888,412.034388,452.430588,1.690312,2.721169,4.825
806,-3.717780,417.342888,412.034388,452.430588,1.394296,1.620359,4.790
807,-3.266288,417.342888,412.034388,452.430588,1.495378,1.252389,5.021
808,-2.559249,417.342888,412.034388,452.430588,1.351752,1.149186,4.897
809,-2.698797,417.342888,412.034388,452.430588,1.386044,1.630375,4.952
810,-2.990728,417.342888,412.034388,452.430588,1.298759,3.659816,5.167
811,-1.689877,417.342888,412.034388,452.430588,1.755657,1.202598,4.659
812,-2.456096,417.342888,412.034388,452.430588,1.460413,0.960560,5.131
813,-3.246803,417.342888,412.034388,452.430588,1.183930,2.268425,4.814
814,-4.032331,417.342888,412.034388,452.430588,1.092166,2.082983,4.792
815,-3.434848,417.342888,412.034388,452.430588,1.156205,1.259867,4.768
816,-6.796333,417.342888,412.034388,452.430588,1.241940,2.824962,4.905
817,-4.518247,417.342888,412.034388,452.430588,1.270836,2.259891,4.626
818,-3.146501,417.342888,412.034388,452.430588,1.474530,1.065502,4.887
819,-2.373963,417.342888,412.034388,452.430588,1.576563,1.657206,4.995
820,-4.482823,417.973587,409.871888,446.461838,1.018088,1.467444,10.615
821,-2.550799,417.973587,409.871888,446.461838,1.462066,0.962572,5.000
822,-2.311149,417.973587,409.871888,446.461838,1.536987,1.929484,4.880
823,-2.975134,417.973587,409.871888,446.461838,1.471145,1.399988,4.707
824,-2.999296,417.973587,409.871888,446.461838,1.577738,0.943194,4.371
825,-2.464636,417.973587,409.871888,446.461838,1.472075,0.637760,5.162
826,-1.872902,417.973587,409.871888,446.461838,1.282606,1.437976,4.836
827,-4.547507,417.973587,409.871888,446.461838,1.134070,2.059645,4.827
828,-2.780231,417.973587,409.871888,446.461838,1.138498,1.011189,4.597
829,-3.062914,417.973587,409.871888,446.461838,1.223219,2.286963,4.710
830,-1.955516,417.973587,409.871888,446.461838,1.419955,1.662105,5.096
831,-7.730251,417.973587,409.871888,446.461838,0.995220,2.268257,4.724
832,-3.218833,417.973587,409.871888,446.461838,1.237858,1.965990,4.817
833,-3.484487,417.973587,409.871888,446.461838,1.230492,2.208144,4.955
834,-3.402859,417.973587,409.871888,446.461838,1.121298,1.537614,4.132
835,-3.371309,417.973587,409.871888,446.461838,1.357833,2.016920,5.128
836,-5.537935,417.973587,409.871888,446.461838,1.160467,2.389335,4.606
837,-1.989414,417.973587,409.871888,446.461838,1.219998,1.277942,4.713
838,-2.999739,417.973587,409.871888,446.461838,1.398103,1.018002,4.684
839,-1.952217,417.973587,409.871888,446.461838,1.162317,0.879699,4.318
840,-3.664673,454.910338,411.034625,450.060162,1.289680,1.535024,11.076
841,-0.502080,454.910338,411.034625,450.060162,1.665656,0.671995,5.257
842,-2.328264,454.910338,411.034625,450.060162,1.957785,0.534203,4.907
843,-2.060636,454.910338,411.034625,450.060162,1.765889,0.685455,5.089
844,-2.315536,454.910338,411.034625,450.060162,1.441388,0.472811,5.024
845,-2.536299,454.910338,411.034625,450.060162,1.376891,1.052483,4.996
846,-1.783785,454.910338,411.034625,450.060162,1.300608,0.591013,4.764
847,-2.028004,454.910338,411.034625,450.060162,1.073965,0.811098,4.692
848,-1.500517,454.910338,411.034625,450.060162,1.063838,0.795146,4.414
849,-3.537111,454.910338,411.034625,450.060162,1.456541,0.847866,4.956
850,-3.043352,454.910338,411.034625,450.060162,1.639328,0.773750,5.217
851,-3.229647,454.910338,411.034625,450.060162,1.273938,1.103884,5.137
852,-2.916465,454.910338,411.034625,450.060162,1.340521,1.899292,4.989
853,-3.723112,454.910338,411.034625,450.060162,1.241796,2.372279,4.814
854,-1.596751,454.910338,411.034625,450.060162,1.364680,1.654240,4.883
855,-2.794320,454.910338,411.034625,450.060162,1.693902,1.032826,5.383
856,-2.538915,454.910338,411.034625,450.060162,1.421242,1.301749,4.727
857,-1.413087,454.910338,411.034625,450.060162,1.742372,0.948523,4.839
858,-3.119400,454.910338,411.034625,450.060162,1.631498,1.357409,5.076
859,-4.163082,454.910338,411.034625,450.060162,1.245845,1.463582,4.851
860,-2.389588,437.142162,411.031588,447.739012,1.285567,1.549531,11.029
861,-3.527976,437.142162,411.031588,447.739012,1.398220,1.380558,4.554
862,-2.406113,437.142162,411.031588,447.739012,1.207187,1.086020,4.758
863,-4.672461,437.142162,411.031588,447.739012,1.526666,2.983647,4.865
864,-4.041514,437.142162,411.031588,447.739012,1.225732,1.037345,5.047
865,-3.942171,437.142162,411.031588,447.739012,1.206379,1.970973,4.737
866,-4.079553,437.142162,411.031588,447.739012,1.250484,1.714950,4.487
867,-2.295383,437.142162,411.031588,447.739012,1.100937,1.207016,4.723
868,-3.900554,437.142162,411.031588,447.739012,1.052909,0.947829,4.712
869,-2.827621,437.142162,411.031588,447.739012,1.294404,1.686146,4.940
870,-4.286166,437.142162,411.031588,447.739012,1.335722,2.272124,4.922
871,-2.682482,437.142162,411.031588,447.739012,1.122639,3.842836,4.750
872,-3.327554,437.142162,411.031588,447.739012,1.572161,1.139131,4.996
873,-2.662623,437.142162,411.031588,447.739012,1.339127,1.663102,4.759
874,-2.170907,437.142162,411.031588,447.739012,1.276462,0.893085,4.830
875,-2.399538,437.142162,411.031588,447.739012,1.117940,0.947066,4.575
876,-2.233823,437.142162,411.031588,447.739012,1.463200,1.086649,4.640
877,-2.519626,437.142162,411.031588,447.739012,1.358433,0.648958,4.587
878,-3.919246,437.142162,411.031588,447.739012,1.576850,1.713944,5.151
879,-3.044846,437.142162,411.031588,447.739012,1.508988,1.783598,4.928
880,-2.819102,423.317038,410.906588,475.298212,1.618875,1.416813,10.902
881,-2.794000,423.317038,410.906588,475.298212,1.440645,2.867751,4.949
882,-5.532077,423.317038,410.906588,475.298212,1.355369,2.560086,4.900
883,-2.902042,423.317038,410.906588,475.298212,1.458174,2.575945,4.892
884,-2.629671,423.317038,410.906588,475.298212,1.162169,0.627279,4.524
885,-2.120999,423.317038,410.906588,475.298212,1.242628,1.189301,4.717
886,-1.328381,423.317038,410.906588,475.298212,1.261971,0.814639,4.789
887,-2.734953,423.317038,410.906588,475.298212,1.293843,1.519742,4.955
888,-2.548192,423.317038,410.906588,475.298212,1.021842,0.999494,4.552
889,-1.423103,423.317038,410.906588,475.298212,1.409085,0.999918,4.995
890,-4.576288,423.317038,410.906588,475.298212,1.125484,1.555783,4.621
891,-1.757913,423.317038,410.906588,475.298212,1.341083,0.794172,5.199
892,-3.247287,423.317038,410.906588,475.298212,1.213818,2.241825,4.872
893,-2.996120,423.317038,410.906588,475.298212,1.419751,1.629552,4.579
894,-1.219482,423.317038,410.906588,475.298212,1.286523,0.690544,4.581
895,-2.777251,423.317038,410.906588,475.298212,1.190719,0.791372,4.923
896,-2.240063,423.317038,410.906588,475.298212,1.313009,0.857720,4.956
897,-2.073571,423.317038,410.906588,475.298212,1.563190,1.151833,4.973
898,-3.537894,423.317038,410.906588,475.298212,1.301894,1.445206,4.367
899,-2.360316,423.317038,410.906588,475.298212,1.363602,0.796042,4.946
900,-2.175121,417.798088,410.242713,452.409387,1.708367,2.260982,11.401
901,-5.077675,417.798088,410.242713,452.409387,1.333324,1.785505,4.758
902,-2.409899,417.798088,410.242713,452.409387,1.213775,1.755238,3.929
903,-3.107126,417.798088,410.242713,452.409387,1.076705,1.730483,4.630
904,-2.001300,417.798088,410.242713,452.409387,1.322492,1.970736,4.570
905,-2.995760,417.798088,410.242713,452.409387,1.231742,1.232770,4.790
906,-3.152731,417.798088,410.242713,452.409387,1.037605,1.673852,4.832
907,-2.220781,417.798088,410.242713,452.409387,1.364021,0.951533,4.645
908,-1.960906,417.798088,410.242713,452.409387,1.341920,0.821692,4.967
909,-2.639476,417.798088,410.242713,452.409387,1.301659,0.970841,4.853
910,-3.097476,417.798088,410.242713,452.409387,1.186393,1.283659,4.778
911,-4.988264,417.798088,410.242713,452.409387,1.503501,2.048047,4.902
912,-3.172550,417.798088,410.242713,452.409387,1.048479,0.974337,5.002
913,-2.317960,417.798088,410.242713,452.409387,1.287152,0.823126,4.743
914,-1.661627,417.798088,410.242713,452.409387,1.325467,1.091085,4.848
915,-4.624689,417.798088,410.242713,452.409387,1.403863,1.843632,4.922
916,-4.157836,417.798088,410.242713,452.409387,1.326537,1.790329,4.848
917,-2.296477,417.798088,410.242713,452.409387,1.345394,1.062288,4.329
918,-3.387793,417.798088,410.242713,452.409387,1.569319,2.212617,5.164
919,-3.477318,417.798088,410.242713,452.409387,1.328595,1.372193,4.855
920,-4.561556,429.729338,412.277413,475.259613,1.292923,1.795180,11.133
921,-4.883949,429.729338,412.277413,475.259613,1.084771,2.734251,4.628
922,-3.070499,429.729338,412.277413,475.259613,1.295782,0.794372,4.773
923,-1.937557,429.729338,412.277413,475.259613,1.264944,1.750475,4.497
924,-2.152093,429.729338,412.277413,475.259613,1.157849,1.216575,4.653
925,-2.893117,429.729338,412.277413,475.259613,1.238447,1.243300,4.858
926,-3.801527,429.729338,412.277413,475.259613,1.380243,1.167144,5.100
927,-2.194136,429.729338,412.277413,475.259613,1.343804,1.000608,4.498
928,-2.774491,429.729338,412.277413,475.259613,1.175407,1.470413,4.760
929,-2.862996,429.729338,412.277413,475.259613,1.195124,0.781968,4.750
930,-2.562322,429.729338,412.277413,475.259613,1.448879,0.910623,5.061
931,-2.002666,429.729338,412.277413,475.259613,1.566616,0.937556,4.995
932,-2.922198,429.729338,412.277413,475.259613,1.406626,1.032089,4.553
933,-2.461965,429.729338,412.277413,475.259613,1.274243,1.484919,4.899
934,-2.915461,429.729338,412.277413,475.259613,1.464446,1.498756,5.016
935,-2.684477,429.729338,412.277413,475.259613,1.365285,0.910146,4.957
936,-1.891386,429.729338,412.277413,475.259613,1.333608,0.618314,4.905
937,-2.209810,429.729338,412.277413,475.259613,1.233509,1.115860,4.243
938,-2.672183,429.729338,412.277413,475.259613,1.105329,2.986471,4.767
939,-3.481002,429.729338,412.277413,475.259613,1.103263,2.192521,4.745
940,-3.697906,419.812663,411.510063,470.097094,1.207665,1.483028,10.738
941,-3.333361,419.812663,411.510063,470.097094,1.519067,1.078436,4.952
942,-1.936491,419.812663,411.510063,470.097094,1.555969,1.651584,5.047
943,-3.743231,419.812663,411.510063,470.097094,1.441702,1.555704,4.833
944,-4.079562,419.812663,411.510063,470.097094,1.264233,1.737471,4.840
945,-3.612811,419.812663,411.510063,470.097094,1.287147,1.376834,4.388
946,-2.175066,419.812663,411.510063,470.097094,1.259038,1.111422,4.787
947,-3.711849,419.812663,411.510063,470.097094,1.360707,1.327588,4.813
948,-2.340516,419.812663,411.510063,470.097094,1.251273,0.891218,4.732
949,-1.952732,419.812663,411.510063,470.097094,1.346437,0.952617,4.852
950,-2.006617,419.812663,411.510063,470.097094,1.262717,1.377180,4.487
951,-4.824246,419.812663,411.510063,470.097094,1.056091,2.069011,4.592
952,-2.198557,419.812663,411.510063,470.097094,1.079388,2.793343,4.978
953,-3.830776,419.812663,411.510063,470.097094,1.466101,1.799641,5.158
954,-2.213119,419.812663,411.510063,470.097094,1.034924,1.402119,4.593
955,-3.818397,419.812663,411.510063,470.097094,1.382418,2.037481,4.617
956,-3.735346,419.812663,411.510063,470.097094,1.411476,1.996311,4.912
957,-3.905877,419.812663,411.510063,470.097094,1.103581,1.758373,4.671
958,-3.533960,419.812663,411.510063,470.097094,1.468866,1.945157,4.837
959,-6.006485,419.812663,411.510063,470.097094,1.219528,3.777435,4.690
960,-4.906474,440.108388,412.839913,476.533662,1.345642,2.311864,10.291
961,-1.275015,440.108388,412.839913,476.533662,1.508112,0.773013,5.100
962,-1.122435,440.108388,412.839913,476.533662,1.452417,1.374781,4.921
963,-4.150898,440.108388,412.839913,476.533662,1.686156,1.479456,5.003
964,-3.165354,440.108388,412.839913,476.533662,1.221319,6.447642,4.290
965,-6.317524,440.108388,412.839913,476.533662,1.202109,2.544700,4.785
966,-3.441452,440.108388,412.839913,476.533662,1.293898,1.889725,4.816
967,-4.399405,440.108388,412.839913,476.533662,1.285750,3.285925,4.648
968,-1.801577,440.108388,412.839913,476.533662,1.276142,1.866386,5.010
969,-3.491833,440.108388,412.839913,476.533662,1.424854,3.038314,4.677
970,-3.872979,440.108388,412.839913,476.533662,1.182052,1.980279,4.772
971,-1.959299,440.108388,412.839913,476.533662,1.623505,1.367873,5.318
972,-2.597530,440.108388,412.839913,476.533662,1.577826,2.119376,5.173
973,-4.795219,440.108388,412.839913,476.533662,0.927282,2.084923,4.676
974,-2.070123,440.108388,412.839913,476.533662,1.189982,0.956802,4.532
975,-2.460456,440.108388,412.839913,476.533662,1.503830,2.522619,4.959
976,-3.935011,440.108388,412.839913,476.533662,1.365492,1.159433,4.864
977,-2.493680,440.108388,412.839913,476.533662,1.228379,1.085696,4.589
978,-2.076741,440.108388,412.839913,476.533662,1.276813,1.308355,4.616
979,-1.463120,440.108388,412.839913,476.533662,1.363751,0.959734,4.595
980,-2.410466,442.539637,412.777413,504.103988,1.217410,1.382767,11.013
981,-2.406116,442.539637,412.777413,504.103988,1.502879,0.696597,5.134
982,-3.762738,442.539637,412.777413,504.103988,1.284020,1.687172,4.821
983,-3.323243,442.539637,412.777413,504.103988,1.522038,0.848424,4.819
984,-1.632756,442.539637,412.777413,504.103988,1.474107,0.426734,4.786
985,-0.494632,442.539637,412.777413,504.103988,1.294743,0.330846,4.440
986,-2.914077,442.539637,412.777413,504.103988,1.147760,1.125290,4.671
987,-3.117313,442.539637,412.777413,504.103988,1.480524,0.995676,5.166
988,-2.463704,442.539637,412.777413,504.103988,1.338282,0.792170,4.774
989,-3.438834,442.539637,412.777413,504.103988,1.184615,1.761204,4.550
990,-3.064488,442.539637,412.777413,504.103988,1.497154,1.200405,5.019
991,-3.701660,442.539637,412.777413,504.103988,1.176431,1.720184,4.743
992,-3.107453,442.539637,412.777413,504.103988,1.350269,2.284478,4.797
993,-4.726709,442.539637,412.777413,504.103988,1.293298,0.978128,4.419
994,-1.499917,442.539637,412.777413,504.103988,1.290030,0.474808,4.796
995,-2.312658,442.539637,412.777413,504.103988,1.102478,1.235988,4.718
996,-2.287836,442.539637,412.777413,504.103988,1.174645,1.814000,4.695
997,-5.166694,442.539637,412.777413,504.103988,1.454058,1.342762,4.813
998,-1.409242,442.539637,412.777413,504.103988,0.934685,1.156506,4.028
999,-6.114873,442.539637,412.777413,504.103988,1.377693,2.104245,4.902
1000,-1.859355,458.059238,412.155450,509.244588,1.185323,1.128515,10.621
1001,-2.928482,458.059238,412.155450,509.244588,1.425282,1.041223,4.849
1002,-0.930961,458.059238,412.155450,509.244588,1.111772,0.599718,3.798
1003,-3.085296,458.059238,412.155450,509.244588,1.178603,1.472284,4.649
1004,-3.716279,458.059238,412.155450,509.244588,1.185145,3.208840,4.494
1005,-4.466800,458.059238,412.155450,509.244588,1.335200,1.704124,4.063
1006,-3.093779,458.059238,412.155450,509.244588,1.491568,1.575072,1.860
1007,-2.009774,458.059238,412.155450,509.244588,1.447010,1.429472,1.830
1008,-2.015976,458.059238,412.155450,509.244588,1.326051,1.326854,1.676
1009,-3.199114,458.059238,412.155450,509.244588,1.526753,1.203819,1.876
1010,-3.985198,458.059238,412.155450,509.244588,1.217912,1.889034,1.603
1011,-4.392050,458.059238,412.155450,509.244588,1.591880,2.656976,2.167
1012,-3.203062,458.059238,412.155450,509.244588,1.246236,2.100476,1.635
1013,-2.375789,458.059238,412.155450,509.244588,1.218406,1.905680,1.676
1014,-3.060734,458.059238,412.155450,509.244588,1.319183,1.485724,1.746
1015,-2.726656,458.059238,412.155450,509.244588,1.288615,1.809082,1.687
1016,-2.833676,458.059238,412.155450,509.244588,1.584180,2.014756,2.071
1017,-2.714558,458.059238,412.155450,509.244588,1.033088,1.588639,1.408
1018,-3.634293,458.059238,412.155450,509.244588,1.331687,2.222227,1.617
1019,-4.291934,458.059238,412.155450,509.244588,1.000283,1.678312,1.370
1020,-5.214912,454.234000,412.217950,490.110637,1.353400,2.300692,7.618
1021,-4.829711,454.234000,412.217950,490.110637,1.295158,4.418126,1.629
1022,-1.588251,454.234000,412.217950,490.110637,1.592213,1.524547,1.915
1023,-3.551435,454.234000,412.217950,490.110637,1.298915,1.416926,1.738
1024,-2.169103,454.234000,412.217950,490.110637,1.231208,1.251654,1.419
1025,-2.878188,454.234000,412.217950,490.110637,1.470495,2.075117,1.790
1026,-3.349446,454.234000,412.217950,490.110637,1.240496,1.931619,1.774
1027,-3.180280,454.234000,412.217950,490.110637,1.188478,1.360435,1.611
1028,-2.303869,454.234000,412.217950,490.110637,1.612939,1.006450,1.872
1029,-1.461734,454.234000,412.217950,490.110637,1.122188,0.737848,1.535
1030,-2.227915,454.234000,412.217950,490.110637,1.328287,1.177409,1.626
1031,-2.592581,454.234000,412.217950,490.110637,1.132026,1.002689,1.602
1032,-3.305911,454.234000,412.217950,490.110637,1.189278,1.009305,1.672
1033,-1.755002,454.234000,412.217950,490.110637,1.402101,0.937006,1.857
1034,-2.602587,454.234000,412.217950,490.110637,1.130392,1.772886,1.543
1035,-3.716566,454.234000,412.217950,490.110637,1.230872,1.496004,1.592
1036,-1.807435,454.234000,412.217950,490.110637,1.279647,0.941660,1.757
1037,-3.640428,454.234000,412.217950,490.110637,1.515283,2.659058,1.740
1038,-2.763272,454.234000,412.217950,490.110637,1.014998,1.807198,1.380
1039,-4.387945,454.234000,412.217950,490.110637,1.013833,1.938487,1.389
1040,-5.094525,453.477550,412.217950,451.637750,1.114973,1.915971,7.517
1041,-3.089332,453.477550,412.217950,451.637750,1.269200,1.576378,1.687
1042,-3.214356,453.477550,412.217950,451.637750,1.320264,1.278684,1.762
1043,-2.068472,453.477550,412.217950,451.637750,1.471399,1.126480,1.660
1044,-4.065151,453.477550,412.217950,451.637750,1.297489,2.109459,1.642
1045,-4.513036,453.477550,412.217950,451.637750,0.920049,1.970826,3.206
1046,-1.123485,453.477550,412.217950,451.637750,1.546753,0.712677,5.155
1047,-2.872282,453.477550,412.217950,451.637750,1.404992,1.107960,4.710
1048,-2.622601,453.477550,412.217950,451.637750,1.407646,0.937248,5.030
1049,-2.605302,453.477550,412.217950,451.637750,1.176041,1.153488,4.822
1050,-3.775099,453.477550,412.217950,451.637750,0.942606,1.911651,5.183
1051,-4.861836,453.477550,412.217950,451.637750,1.265269,1.526485,5.113
1052,-3.080716,453.477550,412.217950,451.637750,1.422510,1.509311,4.791
1053,-1.798156,453.477550,412.217950,451.637750,1.160573,0.953363,4.889
1054,-2.092534,453.477550,412.217950,451.637750,1.470039,1.568803,5.283
1055,-3.736150,453.477550,412.217950,451.637750,1.338514,1.546970,4.931
1056,-3.196875,453.477550,412.217950,451.637750,1.265770,1.092441,5.119
1057,-3.378582,453.477550,412.217950,451.637750,1.096571,1.727304,4.820
1058,-4.218997,453.477550,412.217950,451.637750,1.071518,2.437635,3.932
1059,-2.208329,453.477550,412.217950,451.637750,1.466385,2.679502,4.968
1060,-7.014836,448.620850,412.217950,463.962688,1.302627,3.134648,11.009
1061,-3.524611,448.620850,412.217950,463.962688,1.475080,1.979636,4.903
1062,-2.274595,448.620850,412.217950,463.962688,1.607244,0.967386,4.982
1063,-4.904361,448.620850,412.217950,463.962688,1.175786,2.092710,4.939
1064,-2.625895,448.620850,412.217950,463.962688,1.396955,2.071764,4.824
1065,-4.646264,448.620850,412.217950,463.962688,1.071675,2.562611,4.771
1066,-1.895828,448.620850,412.217950,463.962688,1.416403,0.787237,5.131
1067,-4.500011,448.620850,412.217950,463.962688,1.131031,3.675899,4.480
1068,-3.875367,448.620850,412.217950,463.962688,1.417095,1.117843,5.090
1069,-2.490369,448.620850,412.217950,463.962688,1.233151,1.480774,4.888
1070,-1.694187,448.620850,412.217950,463.962688,1.508534,1.202072,5.322
1071,-1.051596,448.620850,412.217950,463.962688,1.336392,1.255357,5.080
1072,-2.161500,448.620850,412.217950,463.962688,1.619402,0.727220,4.904
1073,-1.419881,448.620850,412.217950,463.962688,1.717115,0.575855,5.439
1074,-2.409929,448.620850,412.217950,463.962688,1.668449,0.768289,5.253
1075,-2.394948,448.620850,412.217950,463.962688,1.137527,1.528769,5.177
1076,-3.236586,448.620850,412.217950,463.962688,1.061299,0.910330,4.975
1077,-6.535774,448.620850,412.217950,463.962688,1.446676,1.771261,4.585
1078,-2.760617,448.620850,412.217950,463.962688,1.513961,0.761749,5.118
1079,-1.724882,448.620850,412.217950,463.962688,1.286031,0.772751,5.083
1080,-1.751822,452.938500,412.217950,493.027950,1.478164,0.625064,10.826
1081,-3.557436,452.938500,412.217950,493.027950,1.506212,1.552633,4.795
1082,-3.475240,452.938500,412.217950,493.027950,1.280851,0.762473,4.714
1083,-3.366598,452.938500,412.217950,493.027950,1.244785,1.597474,5.020
1084,-2.587507,452.938500,412.217950,493.027950,1.250483,1.320514,4.897
1085,-3.103194,452.938500,412.217950,493.027950,1.696311,1.513040,5.201
1086,-4.137916,452.938500,412.217950,493.027950,1.405656,1.523303,4.980
1087,-1.746587,452.938500,412.217950,493.027950,1.484186,0.878380,4.635
1088,-2.408510,452.938500,412.217950,493.027950,1.645378,1.655877,5.425
1089,-2.202802,452.938500,412.217950,493.027950,1.129385,0.576803,4.682
1090,-3.192677,452.938500,412.217950,493.027950,1.451939,0.898767,5.040
1091,-2.692568,452.938500,412.217950,493.027950,1.226021,1.285335,4.932
1092,-3.506420,452.938500,412.217950,493.027950,1.240323,1.742195,4.330
1093,-3.873279,452.938500,412.217950,493.027950,1.162168,2.965985,4.710
1094,-4.795585,452.938500,412.217950,493.027950,1.670812,1.075162,5.417
1095,-1.086908,452.938500,412.217950,493.027950,1.230244,0.336529,4.996
1096,-1.996246,452.938500,412.217950,493.027950,1.173111,0.944497,4.832
1097,-2.633678,452.938500,412.217950,493.027950,1.413773,0.958822,4.576
1098,-3.441503,452.938500,412.217950,493.027950,1.373364,3.589089,4.999
1099,-3.730769,452.938500,412.217950,493.027950,1.080142,2.124964,5.035
1100,-4.028405,466.932087,412.217950,524.494550,1.462771,2.743407,10.916
1101,-3.839115,466.932087,412.217950,524.494550,1.116860,2.878848,4.381
1102,-2.802291,466.932087,412.217950,524.494550,1.594481,0.784033,5.096
1103,-1.201396,466.932087,412.217950,524.494550,1.202440,0.952695,5.142
1104,-1.762047,466.932087,412.217950,524.494550,1.317239,1.283144,4.723
1105,-4.733573,466.932087,412.217950,524.494550,1.455244,2.534818,5.163
1106,-1.948740,466.932087,412.217950,524.494550,1.537941,2.384280,4.823
1107,-3.721643,466.932087,412.217950,524.494550,1.245592,1.565651,5.050
1108,-3.252117,466.932087,412.217950,524.494550,1.394891,2.233689,5.240
1109,-2.537820,466.932087,412.217950,524.494550,1.386134,1.055857,5.018
1110,-9.136548,466.932087,412.217950,524.494550,1.377848,5.430570,5.031
1111,-1.732448,466.932087,412.217950,524.494550,1.398664,0.929565,4.843
1112,-2.745972,466.932087,412.217950,524.494550,1.464224,1.089591,4.572
1113,-1.936522,466.932087,412.217950,524.494550,1.371989,1.579423,5.221
1114,-2.981798,466.932087,412.217950,524.494550,1.370807,1.713288,5.328
1115,-2.079095,466.932087,412.217950,524.494550,1.261895,1.600404,4.830
1116,-4.261417,466.932087,412.217950,524.494550,1.387808,2.336841,5.054
1117,-2.408614,466.932087,412.217950,524.494550,1.308274,1.457374,4.105
1118,-3.170801,466.932087,412.217950,524.494550,1.205682,1.791854,5.366
1119,-4.249255,466.932087,412.217950,524.494550,1.363369,1.657164,5.049
1120,-4.432249,458.953862,411.905450,489.478131,1.349688,4.220420,11.103
1121,-6.215779,458.953862,411.905450,489.478131,1.130998,2.515384,4.114
1122,-1.130835,458.953862,411.905450,489.478131,1.374224,1.571773,5.209
1123,-3.486594,458.953862,411.905450,489.478131,1.574092,4.014937,5.326
1124,-3.013723,458.953862,411.905450,489.478131,1.241255,1.260490,4.644
1125,-4.266337,458.953862,411.905450,489.478131,1.063484,3.334579,5.026
1126,-3.029442,458.953862,411.905450,489.478131,1.642060,2.263954,4.944
1127,-5.249506,458.953862,411.905450,489.478131,1.365620,2.724633,4.876
1128,-3.966500,458.953862,411.905450,489.478131,1.277992,1.858352,4.782
1129,-3.793090,458.953862,411.905450,489.478131,1.157628,2.857662,4.945
1130,-3.275633,458.953862,411.905450,489.478131,1.436917,1.428764,5.164
1131,-2.392386,458.953862,411.905450,489.478131,1.116201,1.405456,4.425
1132,-1.966835,458.953862,411.905450,489.478131,1.650809,1.013016,5.327
1133,-1.325507,458.953862,411.905450,489.478131,1.443592,1.414864,5.287
1134,-1.998549,458.953862,411.905450,489.478131,1.393253,1.436409,4.777
1135,-4.347312,458.953862,411.905450,489.478131,1.370021,1.719085,4.990
1136,-3.577054,458.953862,411.905450,489.478131,1.025448,1.904460,4.904
1137,-4.059275,458.953862,411.905450,489.478131,0.991196,1.288905,4.094
1138,-3.350987,458.953862,411.905450,489.478131,1.080490,1.353264,4.544
1139,-2.793873,458.953862,411.905450,489.478131,1.181646,1.577950,4.956
1140,-4.533113,449.666337,410.868925,481.440275,1.322557,1.242560,10.894
1141,-1.712148,449.666337,410.868925,481.440275,1.273393,1.189109,4.489
1142,-1.888261,449.666337,410.868925,481.440275,1.351880,0.696890,5.188
1143,-2.574589,449.666337,410.868925,481.440275,1.390236,0.988462,5.051
1144,-3.432132,449.666337,410.868925,481.440275,1.204243,1.643665,4.428
1145,-2.327292,449.666337,410.868925,481.440275,1.150350,1.204959,4.820
1146,-3.459738,449.666337,410.868925,481.440275,1.172504,1.717146,5.004
1147,-1.388646,449.666337,410.868925,481.440275,1.195235,1.497786,4.150
1148,-2.262434,449.666337,410.868925,481.440275,1.369526,1.231714,5.238
1149,-5.455699,449.666337,410.868925,481.440275,1.163869,2.968773,4.620
1150,-2.241011,449.666337,410.868925,481.440275,1.155718,1.597356,5.029
1151,-2.118295,449.666337,410.868925,481.440275,1.522962,0.418849,5.003
1152,-2.308070,449.666337,410.868925,481.440275,1.051596,0.729701,4.585
1153,-1.744965,449.666337,410.868925,481.440275,1.361386,0.959603,4.811
1154,-3.107480,449.666337,410.868925,481.440275,1.316784,1.456263,5.091
1155,-3.315454,449.666337,410.868925,481.440275,1.692766,1.266305,5.474
1156,-2.125008,449.666337,410.868925,481.440275,1.257702,0.494187,4.908
1157,-3.535784,449.666337,410.868925,481.440275,1.119430,1.222415,4.708
1158,-1.827517,449.666337,410.868925,481.440275,1.335272,0.668296,4.065
1159,-2.913133,449.666337,410.868925,481.440275,1.348675,1.162044,5.007
1160,-2.787916,449.178388,411.927250,462.890500,1.452513,1.455984,11.055
1161,-3.491696,449.178388,411.927250,462.890500,1.136513,1.634523,4.961
1162,-5.785728,449.178388,411.927250,462.890500,1.258779,2.921328,4.967
1163,-4.838391,449.178388,411.927250,462.890500,1.251519,2.580585,4.312
1164,-5.062058,449.178388,411.927250,462.890500,1.173356,3.119320,4.446
1165,-3.672810,449.178388,411.927250,462.890500,1.322611,2.259480,4.758
1166,-5.059664,449.178388,411.927250,462.890500,1.292968,2.733870,4.898
1167,-5.863905,449.178388,411.927250,462.890500,1.531641,1.947584,5.170
1168,-1.535473,449.178388,411.927250,462.890500,1.416564,1.388879,4.699
1169,-2.678688,449.178388,411.927250,462.890500,1.170102,2.294894,4.951
1170,-3.974211,449.178388,411.927250,462.890500,1.424724,1.426040,5.060
1171,-3.607134,449.178388,411.927250,462.890500,1.162429,2.246847,4.940
1172,-1.821124,449.178388,411.927250,462.890500,1.095880,1.075405,5.097
1173,-1.939658,449.178388,411.927250,462.890500,1.356477,0.923880,4.480
1174,-3.166185,449.178388,411.927250,462.890500,1.533106,1.204665,5.151
1175,-3.911952,449.178388,411.927250,462.890500,1.477816,1.434891,5.116
1176,-3.443461,449.178388,411.927250,462.890500,1.454161,1.048334,5.295
1177,-5.019030,449.178388,411.927250,462.890500,1.340528,2.126201,4.801
1178,-2.546989,449.178388,411.927250,462.890500,1.120096,2.279723,4.305
1179,-3.046097,449.178388,411.927250,462.890500,1.415952,0.895168,5.247
1180,-3.511388,446.937425,412.052250,509.673288,1.130303,2.246266,10.974
1181,-2.833410,446.937425,412.052250,509.673288,1.387471,0.891393,5.155
1182,-1.921014,446.937425,412.052250,509.673288,1.677771,0.547139,4.715
1183,-3.062603,446.937425,412.052250,509.673288,1.758209,1.322758,5.173
1184,-1.370531,446.937425,412.052250,509.673288,1.630462,0.620819,4.972
1185,-4.288075,446.937425,412.052250,509.673288,1.230640,2.406446,4.747
1186,-2.313486,446.937425,412.052250,509.673288,1.214269,1.689089,4.723
1187,-3.791861,446.937425,412.052250,509.673288,1.355355,2.149305,4.551
1188,-2.446686,446.937425,412.052250,509.673288,1.424296,1.103493,5.039
1189,-2.381303,446.937425,412.052250,509.673288,1.295019,0.795343,4.895
1190,-1.592035,446.937425,412.052250,509.673288,1.338922,1.042591,5.041
1191,-2.293010,446.937425,412.052250,509.673288,1.761424,0.796369,5.462
1192,-3.562722,446.937425,412.052250,509.673288,1.151937,0.983993,4.123
1193,-1.277612,446.937425,412.052250,509.673288,1.546599,0.922452,5.087
1194,-1.881299,446.937425,412.052250,509.673288,1.327798,1.153955,4.895
1195,-2.266212,446.937425,412.052250,509.673288,1.137537,0.837503,4.919
1196,-1.941245,446.937425,412.052250,509.673288,1.242362,1.225238,4.543
1197,-3.863032,446.937425,412.052250,509.673288,1.526846,1.059411,4.561
1198,-2.214868,446.937425,412.052250,509.673288,1.321869,1.351113,4.854
1199,-3.705765,437.268500,411.499200,466.075087,1.274286,1.211532,10.798
